[
{
  "model": "contenttypes.contenttype",
  "fields": {
    "app_label": "admin",
    "model": "logentry"
  }
},
{
  "model": "contenttypes.contenttype",
  "fields": {
    "app_label": "auth",
    "model": "permission"
  }
},
{
  "model": "contenttypes.contenttype",
  "fields": {
    "app_label": "auth",
    "model": "group"
  }
},
{
  "model": "contenttypes.contenttype",
  "fields": {
    "app_label": "auth",
    "model": "user"
  }
},
{
  "model": "contenttypes.contenttype",
  "fields": {
    "app_label": "contenttypes",
    "model": "contenttype"
  }
},
{
  "model": "contenttypes.contenttype",
  "fields": {
    "app_label": "sessions",
    "model": "session"
  }
},
{
  "model": "contenttypes.contenttype",
  "fields": {
    "app_label": "store",
    "model": "shoecategory"
  }
},
{
  "model": "contenttypes.contenttype",
  "fields": {
    "app_label": "store",
    "model": "product"
  }
},
{
  "model": "contenttypes.contenttype",
  "fields": {
    "app_label": "store",
    "model": "shoesize"
  }
},
{
  "model": "contenttypes.contenttype",
  "fields": {
    "app_label": "store",
    "model": "productimage"
  }
},
{
  "model": "contenttypes.contenttype",
  "fields": {
    "app_label": "store",
    "model": "order"
  }
},
{
  "model": "contenttypes.contenttype",
  "fields": {
    "app_label": "store",
    "model": "orderitem"
  }
},
{
  "model": "contenttypes.contenttype",
  "fields": {
    "app_label": "store",
    "model": "cart"
  }
},
{
  "model": "contenttypes.contenttype",
  "fields": {
    "app_label": "store",
    "model": "cartitem"
  }
},
{
  "model": "sessions.session",
  "pk": "4jznmt9a2fumyeg0wf5glybm43sk941t",
  "fields": {
    "session_data": ".eJxVjEEOwiAQRe_C2pCBDqHt0r1nIANDLWrAQJtojHfXJt10-997_yNci62lkl18PVN9i1GbQQPASThal9mtLVaXWIwCxWHzFO4xb4BvlK9FhpKXmrzcFLnTJi-F4-O8u4eDmdr8r0Gxsth58EOnAkdtyPRkFSCj8eQDTCZYIpzQKKvBMvpu2jzFPRKJ7w8Eg0B4:1uKk4A:YXxi3Hp-ayLM_DbNJlHapvC-173pGsKVd5stIDLRSKY",
    "expire_date": "2025-06-28T20:41:30.472Z"
  }
},
{
  "model": "sessions.session",
  "pk": "85k918yuu0fhph2ao3chfd0e6smw49p1",
  "fields": {
    "session_data": ".eJxVjjkOwjAURO_imlh27HihpOcM0V_8SQAlUpYKcXcSkQLaeTNP81ItrEvXrnOZ2p7VWVl1-s0Q6FGGHfAdhtuoaRyWqUe9V_RBZ30duTwvR_dP0MHcbWsUig6YQyQTDbF3BrikKJlCUxIjI4hNET3VgYWJQowo1hubkuS4SQmm5fux-MbZIKVydc6Vt44rYHRVSCZDLQnIJPX-AFjxRj8:1uH7mY:4Fu10R5zgREifYa8Sj5UdoDfOfC7TFmPsL5DlkodYTo",
    "expire_date": "2025-06-02T21:12:22.718Z"
  }
},
{
  "model": "sessions.session",
  "pk": "iv9scx3fed7ypq36u5sahexzi2iz9478",
  "fields": {
    "session_data": ".eJxVjrsOwjAUQ_8lM4mSNO1NGNn5huo-ElpArdTHhPh3WtEBVtvH9ku1uC5du855antRZ-XU6Vcj5EcedkPuONxGw-OwTD2ZPWIOdzbXUfLzcmT_Cjqcu42mwlChSANswbKEyqLkCCVxU-coJITFRaDAvpEizA0AFResi7Ek2EoZp-X7sXZoN4h19qHWATJqit7rVDBJ2gZQSL0_X_BGzQ:1uKdJS:tvZwkUpzSDnWK-NxSsGMjhr6ocDQ5wCE0wchtAgbrkM",
    "expire_date": "2025-06-12T13:28:50.235Z"
  }
},
{
  "model": "sessions.session",
  "pk": "zkcgsdrcwj6mc0w9awtwr4sqje2nkft6",
  "fields": {
    "session_data": ".eJxVjDsOwjAQRO_iGln-fyjpcwZr197gAHKkOKkQdyeRUkA5897MmyXY1pq2TkuaCrsyyS6_HUJ-UjtAeUC7zzzPbV0m5IfCT9r5MBd63U7376BCr_uapEO0OXtJjpRREVAojxr1nsCb0SmKFosMhEbqIHK0oxZCU1DKoGefL-pFN5A:1uDpH9:q7IB-CQW5nGasTFry3LRQ6rEYzgqUMoQyqbOx5qT2o8",
    "expire_date": "2025-05-24T18:50:19.106Z"
  }
},
{
  "model": "store.shoecategory",
  "pk": 1,
  "fields": {
    "name": "Dunk",
    "slug": "dunk",
    "description": "Nike Dunk"
  }
},
{
  "model": "store.shoecategory",
  "pk": 2,
  "fields": {
    "name": "Kids",
    "slug": "kids",
    "description": "Kids"
  }
},
{
  "model": "store.product",
  "pk": 2,
  "fields": {
    "category": 1,
    "name": "NIKE DUNK LOW RETRO CAVE STONE",
    "slug": "nike-dunk-low-retro-cave-stone",
    "image": "products/2025/05/13/Nike-Dunk-Low-Platinum-Violet-Cave-Stone-1.jpg",
    "description": "Кросівки Nike Dunk Low Retro Cave Stone є сучасною інтерпретацією класичної моделі 1980-х років, що поєднує в собі вінтажний стиль і сучасні технології комфорту.\r\nПереваги:\r\n• Преміальні матеріали: верх з натуральної шкіри, який згодом набуває вінтажного характеру.\r\n• Легка амортизація: пінна міжпідошва забезпечує легкість та чуйну амортизацію.\r\n• Надійне зчеплення: гумова підошва з класичним поворотним колом забезпечує довговічне зчеплення та стиль, натхненний спадщиною.\r\n• Універсальний дизайн: кольорова гама Light Bone/College Grey/Cave Stone/Coconut Milk робить кросівки придатними для різних стилів одягу.",
    "gender": "M",
    "shoe_type": "sneakers",
    "price": "6500.00",
    "available": true,
    "created": "2025-05-13T15:17:46.251Z",
    "updated": "2025-05-13T15:17:46.251Z"
  }
},
{
  "model": "store.product",
  "pk": 3,
  "fields": {
    "category": 1,
    "name": "NIKE DUNK LOW RETRO SE TERRA BROWN",
    "slug": "nike-dunk-low-retro-se-terra-brown",
    "image": "products/2025/05/13/Nike_Dunk_Low_Retro_SE_Terra_Brown_Celestine_Blue-1.jpg",
    "description": "Ви завжди можете розраховувати на класику. Пара Dunk Low – це культові кросівки з кольоровими блоками, високоякісними матеріалами та м'якою підкладкою для комфорту. Варіантів поєднання образів багато — як ви носитимете свої Dunks?\r\nПереваги\r\n• Верх пом'якшується і набуває стильного, вінтажного вигляду.\r\n• Підошва з піноматеріалу забезпечує легку та чуйну амортизацію.\r\n• Гумова підошва із класичним круговим малюнком забезпечує надійне зчеплення та підкреслює традиційний стиль.\r\nПодробиці про продукт\r\nПідошва з піни\r\nГумова підошва",
    "gender": "M",
    "shoe_type": "sneakers",
    "price": "7700.00",
    "available": true,
    "created": "2025-05-13T17:27:18.593Z",
    "updated": "2025-05-13T17:36:24.161Z"
  }
},
{
  "model": "store.product",
  "pk": 4,
  "fields": {
    "category": 1,
    "name": "NIKE DUNK LOW RETRO QS HALLOWEEN SKULL",
    "slug": "nike-dunk-low-retro-qs-halloween-skull",
    "image": "products/2025/05/13/NIKE_DUNK_LOW_RETRO_QS_HALLOWEEN_SKULL-6_SeckDmI.jpg",
    "description": "Занур свій образ в атмосферу Хелловіну з лімітованою моделлю Nike Dunk Low Retro QS \"Halloween Skull\". Цей реліз натхненний естетикою темряви, вуличного стилю та олдскульних скейт-культів. Ідеально підійдуть для колекціонерів, фанатів вуличної моди та всіх, хто хоче заявити про себе.\r\nПереваги:\r\n• Верх із преміум-шкіри з гладкою та текстурованою обробкою.\r\n• Стильна вишивка черепа на п'яті – фірмовий акцент Halloween-версії.\r\n• Низька класична посадка для повсякденного комфорту.\r\n• М'який язичок та комір для додаткової зручності.\r\n• Гумова підошва із круговим малюнком для впевненого зчеплення.\r\n• Яскраві деталі та нестандартний дизайн – увага забезпечена.",
    "gender": "M",
    "shoe_type": "sneakers",
    "price": "7400.00",
    "available": true,
    "created": "2025-05-13T17:43:24.468Z",
    "updated": "2025-05-13T17:43:41.885Z"
  }
},
{
  "model": "store.product",
  "pk": 5,
  "fields": {
    "category": 1,
    "name": "NIKE DUNK LOW RETRO SE FOSSIL ROSE",
    "slug": "nike-dunk-low-retro-se-fossil-rose",
    "image": "products/2025/05/13/NIKE_DUNK_LOW_RETRO_SE_FOSSIL_ROSE-2.jpg",
    "description": "Nike Dunk Low Retro SE у кольорі Fossil Rose – це гармонія вінтажного стилю та вишуканих відтінків. М'який велюр та замша у поєднанні з приглушеними пастельними тонами створюють витончений, але універсальний образ. Кросівки підійдуть як для повсякденного образу, так і для тих, хто цінує деталі класики.\r\nПереваги:\r\n• Поєднання матеріалів верху для м'якості та преміального вигляду.\r\n• М'який комір та класична низька посадка – комфорт та свобода рухів.\r\n• Проміжна підошва із піни для легкої амортизації.\r\n• Гумова підметка з круговим малюнком – чудове зчеплення на різних поверхнях.\r\n• Універсальний колір Fossil Rose додає елегантності до повсякденного образу.",
    "gender": "M",
    "shoe_type": "sneakers",
    "price": "7600.00",
    "available": true,
    "created": "2025-05-13T17:51:15.058Z",
    "updated": "2025-05-13T17:51:15.058Z"
  }
},
{
  "model": "store.product",
  "pk": 6,
  "fields": {
    "category": 1,
    "name": "NIKE DUNK LOW SE MEDIUM ASH / VIOLET / SNAKESKIN",
    "slug": "nike-dunk-low-se-medium-ash-violet-snakeskin",
    "image": "products/2025/05/13/NIKE_DUNK_LOW_SE_MEDIUM_ASH-1.jpg",
    "description": "Ви завжди можете розраховувати на класику. Ця спеціальна версія Dunk Low відрізняється тисненням під зміїну шкіру для несподіваного стилю. Як завжди ми зберегли перевірену часом амортизацію для комфорту. Міцні матеріали довговічні та дозволяють вам радіти вашій улюбленій парі якомога довше. М'яка амортизація та неперевершений комфорт.\r\nПереваги\r\n• Верх з натуральної шкіри з часом пом'якшується і набуває вінтажного вигляду.\r\n• Підошва з піноматеріалу забезпечує легку та чуйну амортизацію.\r\n• Гумова підошва з класичним круговим малюнком забезпечує міцність та зчеплення.",
    "gender": "M",
    "shoe_type": "sneakers",
    "price": "7990.00",
    "available": true,
    "created": "2025-05-13T18:03:25.800Z",
    "updated": "2025-05-13T18:03:25.800Z"
  }
},
{
  "model": "store.product",
  "pk": 7,
  "fields": {
    "category": 1,
    "name": "NIKE DUNK LOW RETRO SE SUEDE BLACK/GREY/GUM",
    "slug": "nike-dunk-low-retro-se-suede-blackgreygum",
    "image": "products/2025/05/13/NIKE_DUNK_LOW_RETRO_SE_SUEDE_BLACKGREYGUM-4.jpg",
    "description": "Nike Dunk Low Retro SE Monsoon Blue – це еволюція класики, яка поєднує традиційні елементи із сучасними акцентами. Унікальне забарвлення Monsoon Blue надає кросівкам свіжого та стильного вигляду, який стане відмінним доповненням до будь-якого гардеробу, незалежно від стилю.\r\nПереваги\r\n• Перевірений дизайн: Dunk Low – це знаковий силует, що продовжує залишатися популярним десятиліттями.\r\n• Високоякісні матеріали: Верх з натуральної шкіри та текстилю, що забезпечує довговічність та комфорт.\r\n• М'яка амортизація: Піноматеріал у середній підошві дарує комфорт та легкість при кожному кроці.\r\n• Універсальність: Колір легко комбінується з різними образами та стилями.\r\n• Відмінне зчеплення: Гумова підошва із класичним малюнком гарантує стабільність на будь-яких поверхнях.\r\nІнформація про товар\r\nМатеріали верху: натуральна шкіра та текстиль.\r\nПідошва: гумова із класичним малюнком для кращого зчеплення.",
    "gender": "M",
    "shoe_type": "sneakers",
    "price": "5500.00",
    "available": true,
    "created": "2025-05-13T18:11:16.325Z",
    "updated": "2025-05-13T18:11:16.325Z"
  }
},
{
  "model": "store.product",
  "pk": 8,
  "fields": {
    "category": 1,
    "name": "Nike Dunk Low Retro White Black",
    "slug": "nike-dunk-low-retro-white-black",
    "image": "products/2025/05/13/Nike_Dunk_Low_Retro_White_Black-2.jpg",
    "description": "Зовні: взуття виконано з міцної шкіри, скрізь присутня строчка, а в області носка — перфорація для вентиляції! Силует кросівок нагадує класичні баскетбольні моделі з 80-их, але тепер вони поєднанні із найсучаснішими технологіями снікер індустрії\r\nВсередині: м'яка текстильна підкладка, анатомічна дихаюча устілка\r\nПідошва: з піноматеріалу, прихований балон для амортизації за технологією Zoom Air гарантує комфорт та безпеку, підошви прошиті та проклеєні за сучасними технологіями із використанням вискоих температур і тиску. Підмітка з натуральної резини з чіпким візерунком протектора гарантує зчеплення з будь-якими поверхнями\r\nСезонність: універсальна",
    "gender": "W",
    "shoe_type": "sneakers",
    "price": "4700.00",
    "available": true,
    "created": "2025-05-13T18:24:19.687Z",
    "updated": "2025-05-13T18:24:19.687Z"
  }
},
{
  "model": "store.product",
  "pk": 9,
  "fields": {
    "category": 1,
    "name": "Nike Dunk Low Purple Pulse",
    "slug": "nike-dunk-low-purple-pulse",
    "image": "products/2025/05/13/Nike_Dunk_Low_Purple_Pulse-2.jpg",
    "description": "Зовні: взуття виконано з міцної шкіри, скрізь присутня строчка, а в області носка — перфорація для вентиляції! Силует кросівок нагадує класичні баскетбольні моделі з 80-их, але тепер вони поєднанні із найсучаснішими технологіями снікер індустрії\r\nВсередині: м'яка текстильна підкладка, анатомічна дихаюча устілка\r\nПідошва: з піноматеріалу, прихований балон для амортизації за технологією Zoom Air гарантує комфорт та безпеку, підошви прошиті та проклеєні за сучасними технологіями із використанням вискоих температур і тиску. Підмітка з натуральної резини з чіпким візерунком протектора гарантує зчеплення з будь-якими поверхнями\r\nСезонність: універсальна",
    "gender": "W",
    "shoe_type": "sneakers",
    "price": "3700.00",
    "available": true,
    "created": "2025-05-13T18:30:42.264Z",
    "updated": "2025-05-13T18:30:42.264Z"
  }
},
{
  "model": "store.product",
  "pk": 10,
  "fields": {
    "category": 1,
    "name": "Nike Dunk Low Teddy Bear Light Soft Pink",
    "slug": "nike-dunk-low-teddy-bear-light-soft-pink",
    "image": "products/2025/05/13/Nike_Dunk_Low_Teddy_Bear_Light_Soft_Pink-2.jpg",
    "description": "овні: взуття виконано з міцної замші, скрізь присутня строчка, а в області носка — перфорація для вентиляції! Силует кросівок нагадує класичні баскетбольні моделі з 80-их, але тепер вони поєднанні із найсучаснішими технологіями снікер індустрії\r\nВсередині: м'яка текстильна підкладка, анатомічна дихаюча устілка\r\nПідошва: з піноматеріалу, прихований балон для амортизації за технологією Zoom Air гарантує комфорт та безпеку, підошви прошиті та проклеєні за сучасними технологіями із використанням вискоих температур і тиску. Підмітка з натуральної резини з чіпким візерунком протектора гарантує зчеплення з будь-якими поверхнями\r\nСезонність: універсальна",
    "gender": "W",
    "shoe_type": "sneakers",
    "price": "4000.00",
    "available": true,
    "created": "2025-05-13T18:35:50.196Z",
    "updated": "2025-05-13T18:35:50.196Z"
  }
},
{
  "model": "store.product",
  "pk": 11,
  "fields": {
    "category": 1,
    "name": "Nike SB x Louis Vuitton x Glommy Bear White Black",
    "slug": "nike-sb-x-louis-vuitton-x-glommy-bear-white-black",
    "image": "products/2025/05/13/Nike_SB_x_Louis_Vuitton_x_Glommy_Bear_White_Black-2.jpg",
    "description": "Зовні: взуття виконано з міцної шкіри, скрізь присутня строчка. Силует кросівок нагадує класичні баскетбольні моделі з 80-их, але тепер вони поєднанні із найсучаснішими технологіями снікер індустрії\r\nВсередині: м'яка текстильна підкладка, анатомічна дихаюча устілка\r\nПідошва: з піноматеріалу, прихований балон для амортизації за технологією Zoom Air гарантує комфорт та безпеку, підошви прошиті та проклеєні за сучасними технологіями із використанням вискоих температур і тиску. Підмітка з натуральної резини з чіпким візерунком протектора гарантує зчеплення з будь-якими поверхнями\r\nСезонність: універсальна",
    "gender": "W",
    "shoe_type": "sneakers",
    "price": "6900.00",
    "available": true,
    "created": "2025-05-13T18:39:42.479Z",
    "updated": "2025-05-13T18:39:42.479Z"
  }
},
{
  "model": "store.product",
  "pk": 12,
  "fields": {
    "category": 1,
    "name": "Nike Dunk Low Pink Paisley",
    "slug": "nike-dunk-low-pink-paisley",
    "image": "products/2025/05/13/Nike_Dunk_Low_Pink_Paisley-2.jpg",
    "description": "Зовні: взуття виконано з міцної шкіри, скрізь присутня строчка. Силует кросівок нагадує класичні баскетбольні моделі з 80-их, але тепер вони поєднанні із найсучаснішими технологіями снікер індустрії\r\nВсередині: м'яка текстильна підкладка, анатомічна дихаюча устілка\r\nПідошва: з піноматеріалу, прихований балон для амортизації за технологією Zoom Air гарантує комфорт та безпеку, підошви прошиті та проклеєні за сучасними технологіями із використанням вискоих температур і тиску. Підмітка з натуральної резини з чіпким візерунком протектора гарантує зчеплення з будь-якими поверхнями\r\nСезонність: універсальна",
    "gender": "W",
    "shoe_type": "sneakers",
    "price": "6500.00",
    "available": true,
    "created": "2025-05-13T18:43:58.616Z",
    "updated": "2025-05-13T18:43:58.616Z"
  }
},
{
  "model": "store.product",
  "pk": 13,
  "fields": {
    "category": 1,
    "name": "Nike SB Dunk Low Blossom x The Powerpuff Girls",
    "slug": "nike-sb-dunk-low-blossom-x-the-powerpuff-girls",
    "image": "products/2025/05/13/Nike_SB_Dunk_Low_Blossom_x_The_Powerpuff_Girls-2.jpg",
    "description": "Зовні: взуття виконано з міцної шкіри, скрізь присутня строчка, а в області носка — перфорація для вентиляції! Силует кросівок нагадує класичні баскетбольні моделі з 80-их, але тепер вони поєднанні із найсучаснішими технологіями снікер індустрії\r\nВсередині: м'яка текстильна підкладка, анатомічна дихаюча устілка\r\nПідошва: з піноматеріалу, прихований балон для амортизації за технологією Zoom Air гарантує комфорт та безпеку, підошви прошиті та проклеєні за сучасними технологіями із використанням вискоих температур і тиску. Підмітка з натуральної резини з чіпким візерунком протектора гарантує зчеплення з будь-якими поверхнями\r\nСезонність: універсальна",
    "gender": "W",
    "shoe_type": "sneakers",
    "price": "6650.00",
    "available": true,
    "created": "2025-05-13T18:50:26.740Z",
    "updated": "2025-05-13T18:50:26.741Z"
  }
},
{
  "model": "store.product",
  "pk": 14,
  "fields": {
    "category": 2,
    "name": "ordan 1 Retro High PG Triple White",
    "slug": "ordan-1-retro-high-pg-triple-white",
    "image": "products/2025/05/13/Jordan_1_Retro_High_PG_Triple_White-2.jpg",
    "description": "Зовні: взуття виконано зі шкіри, присутня перфорація в області носка для бездоганної вентиляції Ваших ніг\r\nВсередині: м'яка текстильна підкладка, дихаюча устілка\r\nПідошва: з піноматеріалу, прихований балон для амортизації за технологією Air. Резинова підмітка з чіпким візерунком протектора\r\nСезонність: універсальна",
    "gender": "K",
    "shoe_type": "sneakers",
    "price": "2000.00",
    "available": true,
    "created": "2025-05-13T18:54:57.356Z",
    "updated": "2025-05-13T18:54:57.356Z"
  }
},
{
  "model": "store.product",
  "pk": 15,
  "fields": {
    "category": 2,
    "name": "Jordan 1 Retro High PG Black Toe",
    "slug": "jordan-1-retro-high-pg-black-toe",
    "image": "products/2025/05/13/Jordan_1_Retro_High_PG_Black_Toe-2.jpg",
    "description": "Зовні: взуття виконано зі шкіри, присутня перфорація в області носка для бездоганної вентиляції Ваших ніг\r\nВсередині: м'яка текстильна підкладка, дихаюча устілка\r\nПідошва: з піноматеріалу, прихований балон для амортизації за технологією Air. Резинова підмітка з чіпким візерунком протектора\r\nСезонність: універсальна",
    "gender": "K",
    "shoe_type": "sneakers",
    "price": "1900.00",
    "available": true,
    "created": "2025-05-13T18:58:17.627Z",
    "updated": "2025-05-13T18:58:17.627Z"
  }
},
{
  "model": "store.product",
  "pk": 16,
  "fields": {
    "category": 2,
    "name": "Jordan 1 Retro High PG Travis Scott",
    "slug": "jordan-1-retro-high-pg-travis-scott",
    "image": "products/2025/05/13/Jordan_1_Retro_High_PG_Travis_Scott-2.jpg",
    "description": "Зовні: взуття виконано зі шкіри та нубука, присутня перфорація в області носка для бездоганної вентиляції Ваших ніг\r\nВсередині: м'яка текстильна підкладка, дихаюча устілка\r\nПідошва: з піноматеріалу, прихований балон для амортизації за технологією Air. Резинова підмітка з чіпким візерунком протектора\r\nСезонність: універсальна",
    "gender": "K",
    "shoe_type": "sneakers",
    "price": "2200.00",
    "available": true,
    "created": "2025-05-13T19:01:06.592Z",
    "updated": "2025-05-13T19:01:06.592Z"
  }
},
{
  "model": "store.product",
  "pk": 17,
  "fields": {
    "category": 1,
    "name": "TEST TEST",
    "slug": "test-test",
    "image": "products/2025/05/26/75785ed6e524dc2e998d88c4b9072cae-removebg-preview_1.png",
    "description": "test-testtest-test",
    "gender": "M",
    "shoe_type": "sneakers",
    "price": "999999.00",
    "available": true,
    "created": "2025-05-26T13:56:26.079Z",
    "updated": "2025-05-26T13:56:26.079Z"
  }
},
{
  "model": "store.productimage",
  "pk": 1,
  "fields": {
    "product": 2,
    "image": "products/2025/05/13/Nike-Dunk-Low-Platinum-Violet-Cave-Stone-1_rbRMiWs.jpg",
    "is_main": false,
    "order": 1
  }
},
{
  "model": "store.productimage",
  "pk": 2,
  "fields": {
    "product": 2,
    "image": "products/2025/05/13/Nike-Dunk-Low-Platinum-Violet-Cave-Stone-2.jpg",
    "is_main": false,
    "order": 1
  }
},
{
  "model": "store.productimage",
  "pk": 3,
  "fields": {
    "product": 2,
    "image": "products/2025/05/13/Nike-Dunk-Low-Platinum-Violet-Cave-Stone-3.jpg",
    "is_main": false,
    "order": 1
  }
},
{
  "model": "store.productimage",
  "pk": 4,
  "fields": {
    "product": 2,
    "image": "products/2025/05/13/Nike-Dunk-Low-Platinum-Violet-Cave-Stone-4.jpg",
    "is_main": false,
    "order": 1
  }
},
{
  "model": "store.productimage",
  "pk": 5,
  "fields": {
    "product": 2,
    "image": "products/2025/05/13/Nike-Dunk-Low-Platinum-Violet-Cave-Stone-5.jpg",
    "is_main": false,
    "order": 1
  }
},
{
  "model": "store.productimage",
  "pk": 6,
  "fields": {
    "product": 2,
    "image": "products/2025/05/13/Nike-Dunk-Low-Platinum-Violet-Cave-Stone-6.jpg",
    "is_main": false,
    "order": 1
  }
},
{
  "model": "store.productimage",
  "pk": 7,
  "fields": {
    "product": 2,
    "image": "products/2025/05/13/Nike-Dunk-Low-Platinum-Violet-Cave-Stone-7.jpg",
    "is_main": false,
    "order": 1
  }
},
{
  "model": "store.productimage",
  "pk": 8,
  "fields": {
    "product": 2,
    "image": "products/2025/05/13/Nike-Dunk-Low-Platinum-Violet-Cave-Stone-8.jpg",
    "is_main": false,
    "order": 1
  }
},
{
  "model": "store.productimage",
  "pk": 9,
  "fields": {
    "product": 3,
    "image": "products/2025/05/13/Nike_Dunk_Low_Retro_SE_Terra_Brown_Celestine_Blue-1_1AETGbN.jpg",
    "is_main": false,
    "order": 1
  }
},
{
  "model": "store.productimage",
  "pk": 10,
  "fields": {
    "product": 3,
    "image": "products/2025/05/13/Nike_Dunk_Low_Retro_SE_Terra_Brown_Celestine_Blue-2.jpg",
    "is_main": false,
    "order": 2
  }
},
{
  "model": "store.productimage",
  "pk": 11,
  "fields": {
    "product": 3,
    "image": "products/2025/05/13/Nike_Dunk_Low_Retro_SE_Terra_Brown_Celestine_Blue-3.jpg",
    "is_main": false,
    "order": 3
  }
},
{
  "model": "store.productimage",
  "pk": 12,
  "fields": {
    "product": 3,
    "image": "products/2025/05/13/Nike_Dunk_Low_Retro_SE_Terra_Brown_Celestine_Blue-4.jpg",
    "is_main": false,
    "order": 4
  }
},
{
  "model": "store.productimage",
  "pk": 13,
  "fields": {
    "product": 4,
    "image": "products/2025/05/13/NIKE_DUNK_LOW_RETRO_QS_HALLOWEEN_SKULL-1.jpg",
    "is_main": false,
    "order": 1
  }
},
{
  "model": "store.productimage",
  "pk": 14,
  "fields": {
    "product": 4,
    "image": "products/2025/05/13/NIKE_DUNK_LOW_RETRO_QS_HALLOWEEN_SKULL-2.jpg",
    "is_main": false,
    "order": 2
  }
},
{
  "model": "store.productimage",
  "pk": 15,
  "fields": {
    "product": 4,
    "image": "products/2025/05/13/NIKE_DUNK_LOW_RETRO_QS_HALLOWEEN_SKULL-3.jpg",
    "is_main": false,
    "order": 3
  }
},
{
  "model": "store.productimage",
  "pk": 16,
  "fields": {
    "product": 4,
    "image": "products/2025/05/13/NIKE_DUNK_LOW_RETRO_QS_HALLOWEEN_SKULL-4.jpg",
    "is_main": false,
    "order": 4
  }
},
{
  "model": "store.productimage",
  "pk": 17,
  "fields": {
    "product": 4,
    "image": "products/2025/05/13/NIKE_DUNK_LOW_RETRO_QS_HALLOWEEN_SKULL-5.jpg",
    "is_main": false,
    "order": 5
  }
},
{
  "model": "store.productimage",
  "pk": 18,
  "fields": {
    "product": 4,
    "image": "products/2025/05/13/NIKE_DUNK_LOW_RETRO_QS_HALLOWEEN_SKULL-6.jpg",
    "is_main": false,
    "order": 6
  }
},
{
  "model": "store.productimage",
  "pk": 19,
  "fields": {
    "product": 5,
    "image": "products/2025/05/13/NIKE_DUNK_LOW_RETRO_SE_FOSSIL_ROSE-2_jTjjLzo.jpg",
    "is_main": false,
    "order": 1
  }
},
{
  "model": "store.productimage",
  "pk": 20,
  "fields": {
    "product": 5,
    "image": "products/2025/05/13/NIKE_DUNK_LOW_RETRO_SE_FOSSIL_ROSE-1.jpg",
    "is_main": false,
    "order": 1
  }
},
{
  "model": "store.productimage",
  "pk": 21,
  "fields": {
    "product": 5,
    "image": "products/2025/05/13/NIKE_DUNK_LOW_RETRO_SE_FOSSIL_ROSE-3.jpg",
    "is_main": false,
    "order": 1
  }
},
{
  "model": "store.productimage",
  "pk": 22,
  "fields": {
    "product": 5,
    "image": "products/2025/05/13/NIKE_DUNK_LOW_RETRO_SE_FOSSIL_ROSE-4.jpg",
    "is_main": false,
    "order": 1
  }
},
{
  "model": "store.productimage",
  "pk": 23,
  "fields": {
    "product": 5,
    "image": "products/2025/05/13/NIKE_DUNK_LOW_RETRO_SE_FOSSIL_ROSE-5.jpg",
    "is_main": false,
    "order": 1
  }
},
{
  "model": "store.productimage",
  "pk": 24,
  "fields": {
    "product": 6,
    "image": "products/2025/05/13/NIKE_DUNK_LOW_SE_MEDIUM_ASH-1_PJ5LPhy.jpg",
    "is_main": false,
    "order": 1
  }
},
{
  "model": "store.productimage",
  "pk": 25,
  "fields": {
    "product": 6,
    "image": "products/2025/05/13/NIKE_DUNK_LOW_SE_MEDIUM_ASH-2.jpg",
    "is_main": false,
    "order": 1
  }
},
{
  "model": "store.productimage",
  "pk": 26,
  "fields": {
    "product": 6,
    "image": "products/2025/05/13/NIKE_DUNK_LOW_SE_MEDIUM_ASH-3.jpg",
    "is_main": false,
    "order": 1
  }
},
{
  "model": "store.productimage",
  "pk": 27,
  "fields": {
    "product": 6,
    "image": "products/2025/05/13/NIKE_DUNK_LOW_SE_MEDIUM_ASH-4.jpg",
    "is_main": false,
    "order": 1
  }
},
{
  "model": "store.productimage",
  "pk": 28,
  "fields": {
    "product": 6,
    "image": "products/2025/05/13/NIKE_DUNK_LOW_SE_MEDIUM_ASH-5.jpg",
    "is_main": false,
    "order": 1
  }
},
{
  "model": "store.productimage",
  "pk": 29,
  "fields": {
    "product": 7,
    "image": "products/2025/05/13/NIKE_DUNK_LOW_RETRO_SE_SUEDE_BLACKGREYGUM-1.jpg",
    "is_main": false,
    "order": 1
  }
},
{
  "model": "store.productimage",
  "pk": 30,
  "fields": {
    "product": 7,
    "image": "products/2025/05/13/NIKE_DUNK_LOW_RETRO_SE_SUEDE_BLACKGREYGUM-2.jpg",
    "is_main": false,
    "order": 1
  }
},
{
  "model": "store.productimage",
  "pk": 31,
  "fields": {
    "product": 7,
    "image": "products/2025/05/13/NIKE_DUNK_LOW_RETRO_SE_SUEDE_BLACKGREYGUM-3.jpg",
    "is_main": false,
    "order": 1
  }
},
{
  "model": "store.productimage",
  "pk": 32,
  "fields": {
    "product": 7,
    "image": "products/2025/05/13/NIKE_DUNK_LOW_RETRO_SE_SUEDE_BLACKGREYGUM-4_dqeBiK0.jpg",
    "is_main": false,
    "order": 1
  }
},
{
  "model": "store.productimage",
  "pk": 33,
  "fields": {
    "product": 8,
    "image": "products/2025/05/13/Nike_Dunk_Low_Retro_White_Black-1.jpg",
    "is_main": false,
    "order": 1
  }
},
{
  "model": "store.productimage",
  "pk": 34,
  "fields": {
    "product": 8,
    "image": "products/2025/05/13/Nike_Dunk_Low_Retro_White_Black-2_DPRwzoz.jpg",
    "is_main": false,
    "order": 1
  }
},
{
  "model": "store.productimage",
  "pk": 35,
  "fields": {
    "product": 8,
    "image": "products/2025/05/13/Nike_Dunk_Low_Retro_White_Black-3.jpg",
    "is_main": false,
    "order": 1
  }
},
{
  "model": "store.productimage",
  "pk": 36,
  "fields": {
    "product": 8,
    "image": "products/2025/05/13/Nike_Dunk_Low_Retro_White_Black-4.jpg",
    "is_main": false,
    "order": 1
  }
},
{
  "model": "store.productimage",
  "pk": 37,
  "fields": {
    "product": 8,
    "image": "products/2025/05/13/Nike_Dunk_Low_Retro_White_Black-5.jpg",
    "is_main": false,
    "order": 1
  }
},
{
  "model": "store.productimage",
  "pk": 38,
  "fields": {
    "product": 8,
    "image": "products/2025/05/13/Nike_Dunk_Low_Retro_White_Black-6.jpg",
    "is_main": false,
    "order": 1
  }
},
{
  "model": "store.productimage",
  "pk": 39,
  "fields": {
    "product": 9,
    "image": "products/2025/05/13/Nike_Dunk_Low_Purple_Pulse-1.jpg",
    "is_main": false,
    "order": 1
  }
},
{
  "model": "store.productimage",
  "pk": 40,
  "fields": {
    "product": 9,
    "image": "products/2025/05/13/Nike_Dunk_Low_Purple_Pulse-2_kwns35v.jpg",
    "is_main": false,
    "order": 1
  }
},
{
  "model": "store.productimage",
  "pk": 41,
  "fields": {
    "product": 9,
    "image": "products/2025/05/13/Nike_Dunk_Low_Purple_Pulse-3.jpg",
    "is_main": false,
    "order": 1
  }
},
{
  "model": "store.productimage",
  "pk": 42,
  "fields": {
    "product": 9,
    "image": "products/2025/05/13/Nike_Dunk_Low_Purple_Pulse-4.jpg",
    "is_main": false,
    "order": 1
  }
},
{
  "model": "store.productimage",
  "pk": 43,
  "fields": {
    "product": 9,
    "image": "products/2025/05/13/Nike_Dunk_Low_Purple_Pulse-5.jpg",
    "is_main": false,
    "order": 1
  }
},
{
  "model": "store.productimage",
  "pk": 44,
  "fields": {
    "product": 9,
    "image": "products/2025/05/13/Nike_Dunk_Low_Purple_Pulse-6.jpg",
    "is_main": false,
    "order": 1
  }
},
{
  "model": "store.productimage",
  "pk": 45,
  "fields": {
    "product": 10,
    "image": "products/2025/05/13/Nike_Dunk_Low_Teddy_Bear_Light_Soft_Pink-1.jpg",
    "is_main": false,
    "order": 1
  }
},
{
  "model": "store.productimage",
  "pk": 46,
  "fields": {
    "product": 10,
    "image": "products/2025/05/13/Nike_Dunk_Low_Teddy_Bear_Light_Soft_Pink-2_4Nmimft.jpg",
    "is_main": false,
    "order": 1
  }
},
{
  "model": "store.productimage",
  "pk": 47,
  "fields": {
    "product": 10,
    "image": "products/2025/05/13/Nike_Dunk_Low_Teddy_Bear_Light_Soft_Pink-3.jpg",
    "is_main": false,
    "order": 1
  }
},
{
  "model": "store.productimage",
  "pk": 48,
  "fields": {
    "product": 10,
    "image": "products/2025/05/13/Nike_Dunk_Low_Teddy_Bear_Light_Soft_Pink-4.jpg",
    "is_main": false,
    "order": 1
  }
},
{
  "model": "store.productimage",
  "pk": 49,
  "fields": {
    "product": 10,
    "image": "products/2025/05/13/Nike_Dunk_Low_Teddy_Bear_Light_Soft_Pink-5.jpg",
    "is_main": false,
    "order": 1
  }
},
{
  "model": "store.productimage",
  "pk": 50,
  "fields": {
    "product": 10,
    "image": "products/2025/05/13/Nike_Dunk_Low_Teddy_Bear_Light_Soft_Pink-6.jpg",
    "is_main": false,
    "order": 1
  }
},
{
  "model": "store.productimage",
  "pk": 51,
  "fields": {
    "product": 11,
    "image": "products/2025/05/13/Nike_SB_x_Louis_Vuitton_x_Glommy_Bear_White_Black-1.jpg",
    "is_main": false,
    "order": 1
  }
},
{
  "model": "store.productimage",
  "pk": 52,
  "fields": {
    "product": 11,
    "image": "products/2025/05/13/Nike_SB_x_Louis_Vuitton_x_Glommy_Bear_White_Black-2_ELgq7cR.jpg",
    "is_main": false,
    "order": 1
  }
},
{
  "model": "store.productimage",
  "pk": 53,
  "fields": {
    "product": 11,
    "image": "products/2025/05/13/Nike_SB_x_Louis_Vuitton_x_Glommy_Bear_White_Black-3.jpg",
    "is_main": false,
    "order": 1
  }
},
{
  "model": "store.productimage",
  "pk": 54,
  "fields": {
    "product": 11,
    "image": "products/2025/05/13/Nike_SB_x_Louis_Vuitton_x_Glommy_Bear_White_Black-4.jpg",
    "is_main": false,
    "order": 1
  }
},
{
  "model": "store.productimage",
  "pk": 55,
  "fields": {
    "product": 11,
    "image": "products/2025/05/13/Nike_SB_x_Louis_Vuitton_x_Glommy_Bear_White_Black-5.jpg",
    "is_main": false,
    "order": 1
  }
},
{
  "model": "store.productimage",
  "pk": 56,
  "fields": {
    "product": 11,
    "image": "products/2025/05/13/Nike_SB_x_Louis_Vuitton_x_Glommy_Bear_White_Black-6.jpg",
    "is_main": false,
    "order": 1
  }
},
{
  "model": "store.productimage",
  "pk": 57,
  "fields": {
    "product": 12,
    "image": "products/2025/05/13/Nike_Dunk_Low_Pink_Paisley-1.jpg",
    "is_main": false,
    "order": 1
  }
},
{
  "model": "store.productimage",
  "pk": 58,
  "fields": {
    "product": 12,
    "image": "products/2025/05/13/Nike_Dunk_Low_Pink_Paisley-2_MjehidG.jpg",
    "is_main": false,
    "order": 1
  }
},
{
  "model": "store.productimage",
  "pk": 59,
  "fields": {
    "product": 12,
    "image": "products/2025/05/13/Nike_Dunk_Low_Pink_Paisley-3.jpg",
    "is_main": false,
    "order": 1
  }
},
{
  "model": "store.productimage",
  "pk": 60,
  "fields": {
    "product": 12,
    "image": "products/2025/05/13/Nike_Dunk_Low_Pink_Paisley-4.jpg",
    "is_main": false,
    "order": 1
  }
},
{
  "model": "store.productimage",
  "pk": 61,
  "fields": {
    "product": 12,
    "image": "products/2025/05/13/Nike_Dunk_Low_Pink_Paisley-5.jpg",
    "is_main": false,
    "order": 1
  }
},
{
  "model": "store.productimage",
  "pk": 62,
  "fields": {
    "product": 12,
    "image": "products/2025/05/13/Nike_Dunk_Low_Pink_Paisley-6.jpg",
    "is_main": false,
    "order": 1
  }
},
{
  "model": "store.productimage",
  "pk": 63,
  "fields": {
    "product": 13,
    "image": "products/2025/05/13/Nike_SB_Dunk_Low_Blossom_x_The_Powerpuff_Girls-1.jpg",
    "is_main": false,
    "order": 1
  }
},
{
  "model": "store.productimage",
  "pk": 64,
  "fields": {
    "product": 13,
    "image": "products/2025/05/13/Nike_SB_Dunk_Low_Blossom_x_The_Powerpuff_Girls-2_rKz1Shs.jpg",
    "is_main": false,
    "order": 1
  }
},
{
  "model": "store.productimage",
  "pk": 65,
  "fields": {
    "product": 13,
    "image": "products/2025/05/13/Nike_SB_Dunk_Low_Blossom_x_The_Powerpuff_Girls-3.jpg",
    "is_main": false,
    "order": 1
  }
},
{
  "model": "store.productimage",
  "pk": 66,
  "fields": {
    "product": 13,
    "image": "products/2025/05/13/Nike_SB_Dunk_Low_Blossom_x_The_Powerpuff_Girls-4.jpg",
    "is_main": false,
    "order": 1
  }
},
{
  "model": "store.productimage",
  "pk": 67,
  "fields": {
    "product": 13,
    "image": "products/2025/05/13/Nike_SB_Dunk_Low_Blossom_x_The_Powerpuff_Girls-5.jpg",
    "is_main": false,
    "order": 1
  }
},
{
  "model": "store.productimage",
  "pk": 68,
  "fields": {
    "product": 13,
    "image": "products/2025/05/13/Nike_SB_Dunk_Low_Blossom_x_The_Powerpuff_Girls-6.jpg",
    "is_main": false,
    "order": 1
  }
},
{
  "model": "store.productimage",
  "pk": 69,
  "fields": {
    "product": 14,
    "image": "products/2025/05/13/Jordan_1_Retro_High_PG_Triple_White-1.jpg",
    "is_main": false,
    "order": 1
  }
},
{
  "model": "store.productimage",
  "pk": 70,
  "fields": {
    "product": 14,
    "image": "products/2025/05/13/Jordan_1_Retro_High_PG_Triple_White-2_PT8psKq.jpg",
    "is_main": false,
    "order": 1
  }
},
{
  "model": "store.productimage",
  "pk": 71,
  "fields": {
    "product": 14,
    "image": "products/2025/05/13/Jordan_1_Retro_High_PG_Triple_White-3.jpg",
    "is_main": false,
    "order": 1
  }
},
{
  "model": "store.productimage",
  "pk": 72,
  "fields": {
    "product": 14,
    "image": "products/2025/05/13/Jordan_1_Retro_High_PG_Triple_White-4.jpg",
    "is_main": false,
    "order": 1
  }
},
{
  "model": "store.productimage",
  "pk": 73,
  "fields": {
    "product": 14,
    "image": "products/2025/05/13/Jordan_1_Retro_High_PG_Triple_White-5.jpg",
    "is_main": false,
    "order": 1
  }
},
{
  "model": "store.productimage",
  "pk": 74,
  "fields": {
    "product": 14,
    "image": "products/2025/05/13/Jordan_1_Retro_High_PG_Triple_White-6.jpg",
    "is_main": false,
    "order": 1
  }
},
{
  "model": "store.productimage",
  "pk": 75,
  "fields": {
    "product": 15,
    "image": "products/2025/05/13/Jordan_1_Retro_High_PG_Black_Toe-1.jpg",
    "is_main": false,
    "order": 1
  }
},
{
  "model": "store.productimage",
  "pk": 76,
  "fields": {
    "product": 15,
    "image": "products/2025/05/13/Jordan_1_Retro_High_PG_Black_Toe-2_w7t7KWI.jpg",
    "is_main": false,
    "order": 1
  }
},
{
  "model": "store.productimage",
  "pk": 77,
  "fields": {
    "product": 15,
    "image": "products/2025/05/13/Jordan_1_Retro_High_PG_Black_Toe-3.jpg",
    "is_main": false,
    "order": 1
  }
},
{
  "model": "store.productimage",
  "pk": 78,
  "fields": {
    "product": 15,
    "image": "products/2025/05/13/Jordan_1_Retro_High_PG_Black_Toe-4.jpg",
    "is_main": false,
    "order": 1
  }
},
{
  "model": "store.productimage",
  "pk": 79,
  "fields": {
    "product": 15,
    "image": "products/2025/05/13/Jordan_1_Retro_High_PG_Black_Toe-5.jpg",
    "is_main": false,
    "order": 1
  }
},
{
  "model": "store.productimage",
  "pk": 80,
  "fields": {
    "product": 15,
    "image": "products/2025/05/13/Jordan_1_Retro_High_PG_Black_Toe-6.jpg",
    "is_main": false,
    "order": 1
  }
},
{
  "model": "store.productimage",
  "pk": 81,
  "fields": {
    "product": 16,
    "image": "products/2025/05/13/Jordan_1_Retro_High_PG_Travis_Scott-1.jpg",
    "is_main": false,
    "order": 1
  }
},
{
  "model": "store.productimage",
  "pk": 82,
  "fields": {
    "product": 16,
    "image": "products/2025/05/13/Jordan_1_Retro_High_PG_Travis_Scott-2_JnKVrug.jpg",
    "is_main": false,
    "order": 1
  }
},
{
  "model": "store.productimage",
  "pk": 83,
  "fields": {
    "product": 16,
    "image": "products/2025/05/13/Jordan_1_Retro_High_PG_Travis_Scott-3.jpg",
    "is_main": false,
    "order": 1
  }
},
{
  "model": "store.productimage",
  "pk": 84,
  "fields": {
    "product": 16,
    "image": "products/2025/05/13/Jordan_1_Retro_High_PG_Travis_Scott-4.jpg",
    "is_main": false,
    "order": 1
  }
},
{
  "model": "store.productimage",
  "pk": 85,
  "fields": {
    "product": 16,
    "image": "products/2025/05/13/Jordan_1_Retro_High_PG_Travis_Scott-5.jpg",
    "is_main": false,
    "order": 1
  }
},
{
  "model": "store.productimage",
  "pk": 86,
  "fields": {
    "product": 16,
    "image": "products/2025/05/13/Jordan_1_Retro_High_PG_Travis_Scott-6.jpg",
    "is_main": false,
    "order": 1
  }
},
{
  "model": "store.shoesize",
  "pk": 2,
  "fields": {
    "product": 2,
    "size": "8.0",
    "stock": 99
  }
},
{
  "model": "store.shoesize",
  "pk": 3,
  "fields": {
    "product": 2,
    "size": "8.5",
    "stock": 100
  }
},
{
  "model": "store.shoesize",
  "pk": 4,
  "fields": {
    "product": 2,
    "size": "9.0",
    "stock": 100
  }
},
{
  "model": "store.shoesize",
  "pk": 5,
  "fields": {
    "product": 2,
    "size": "9.5",
    "stock": 100
  }
},
{
  "model": "store.shoesize",
  "pk": 6,
  "fields": {
    "product": 2,
    "size": "10.0",
    "stock": 100
  }
},
{
  "model": "store.shoesize",
  "pk": 7,
  "fields": {
    "product": 2,
    "size": "10.5",
    "stock": 100
  }
},
{
  "model": "store.shoesize",
  "pk": 8,
  "fields": {
    "product": 2,
    "size": "11.0",
    "stock": 100
  }
},
{
  "model": "store.shoesize",
  "pk": 9,
  "fields": {
    "product": 2,
    "size": "11.5",
    "stock": 100
  }
},
{
  "model": "store.shoesize",
  "pk": 10,
  "fields": {
    "product": 2,
    "size": "12.0",
    "stock": 100
  }
},
{
  "model": "store.shoesize",
  "pk": 11,
  "fields": {
    "product": 3,
    "size": "8.0",
    "stock": 100
  }
},
{
  "model": "store.shoesize",
  "pk": 12,
  "fields": {
    "product": 3,
    "size": "8.5",
    "stock": 99
  }
},
{
  "model": "store.shoesize",
  "pk": 13,
  "fields": {
    "product": 3,
    "size": "9.0",
    "stock": 100
  }
},
{
  "model": "store.shoesize",
  "pk": 14,
  "fields": {
    "product": 3,
    "size": "9.5",
    "stock": 100
  }
},
{
  "model": "store.shoesize",
  "pk": 15,
  "fields": {
    "product": 3,
    "size": "10.0",
    "stock": 98
  }
},
{
  "model": "store.shoesize",
  "pk": 16,
  "fields": {
    "product": 3,
    "size": "10.5",
    "stock": 100
  }
},
{
  "model": "store.shoesize",
  "pk": 17,
  "fields": {
    "product": 3,
    "size": "11.0",
    "stock": 100
  }
},
{
  "model": "store.shoesize",
  "pk": 18,
  "fields": {
    "product": 3,
    "size": "11.5",
    "stock": 100
  }
},
{
  "model": "store.shoesize",
  "pk": 19,
  "fields": {
    "product": 3,
    "size": "12.0",
    "stock": 100
  }
},
{
  "model": "store.shoesize",
  "pk": 20,
  "fields": {
    "product": 4,
    "size": "7.0",
    "stock": 99
  }
},
{
  "model": "store.shoesize",
  "pk": 21,
  "fields": {
    "product": 4,
    "size": "7.5",
    "stock": 100
  }
},
{
  "model": "store.shoesize",
  "pk": 22,
  "fields": {
    "product": 4,
    "size": "8.0",
    "stock": 100
  }
},
{
  "model": "store.shoesize",
  "pk": 23,
  "fields": {
    "product": 4,
    "size": "8.5",
    "stock": 100
  }
},
{
  "model": "store.shoesize",
  "pk": 24,
  "fields": {
    "product": 4,
    "size": "9.0",
    "stock": 100
  }
},
{
  "model": "store.shoesize",
  "pk": 25,
  "fields": {
    "product": 4,
    "size": "9.5",
    "stock": 100
  }
},
{
  "model": "store.shoesize",
  "pk": 26,
  "fields": {
    "product": 4,
    "size": "10.0",
    "stock": 100
  }
},
{
  "model": "store.shoesize",
  "pk": 27,
  "fields": {
    "product": 4,
    "size": "10.5",
    "stock": 100
  }
},
{
  "model": "store.shoesize",
  "pk": 28,
  "fields": {
    "product": 4,
    "size": "11.0",
    "stock": 100
  }
},
{
  "model": "store.shoesize",
  "pk": 29,
  "fields": {
    "product": 4,
    "size": "11.5",
    "stock": 100
  }
},
{
  "model": "store.shoesize",
  "pk": 30,
  "fields": {
    "product": 4,
    "size": "12.0",
    "stock": 100
  }
},
{
  "model": "store.shoesize",
  "pk": 31,
  "fields": {
    "product": 5,
    "size": "8.0",
    "stock": 100
  }
},
{
  "model": "store.shoesize",
  "pk": 32,
  "fields": {
    "product": 5,
    "size": "8.5",
    "stock": 100
  }
},
{
  "model": "store.shoesize",
  "pk": 33,
  "fields": {
    "product": 5,
    "size": "9.0",
    "stock": 99
  }
},
{
  "model": "store.shoesize",
  "pk": 34,
  "fields": {
    "product": 5,
    "size": "9.5",
    "stock": 99
  }
},
{
  "model": "store.shoesize",
  "pk": 35,
  "fields": {
    "product": 5,
    "size": "10.0",
    "stock": 100
  }
},
{
  "model": "store.shoesize",
  "pk": 36,
  "fields": {
    "product": 5,
    "size": "10.5",
    "stock": 100
  }
},
{
  "model": "store.shoesize",
  "pk": 37,
  "fields": {
    "product": 5,
    "size": "11.0",
    "stock": 100
  }
},
{
  "model": "store.shoesize",
  "pk": 38,
  "fields": {
    "product": 5,
    "size": "11.5",
    "stock": 100
  }
},
{
  "model": "store.shoesize",
  "pk": 39,
  "fields": {
    "product": 5,
    "size": "12.0",
    "stock": 100
  }
},
{
  "model": "store.shoesize",
  "pk": 40,
  "fields": {
    "product": 6,
    "size": "7.0",
    "stock": 100
  }
},
{
  "model": "store.shoesize",
  "pk": 41,
  "fields": {
    "product": 6,
    "size": "7.5",
    "stock": 99
  }
},
{
  "model": "store.shoesize",
  "pk": 42,
  "fields": {
    "product": 6,
    "size": "8.0",
    "stock": 100
  }
},
{
  "model": "store.shoesize",
  "pk": 43,
  "fields": {
    "product": 6,
    "size": "8.5",
    "stock": 100
  }
},
{
  "model": "store.shoesize",
  "pk": 44,
  "fields": {
    "product": 6,
    "size": "9.0",
    "stock": 99
  }
},
{
  "model": "store.shoesize",
  "pk": 45,
  "fields": {
    "product": 6,
    "size": "9.5",
    "stock": 100
  }
},
{
  "model": "store.shoesize",
  "pk": 46,
  "fields": {
    "product": 6,
    "size": "10.0",
    "stock": 100
  }
},
{
  "model": "store.shoesize",
  "pk": 47,
  "fields": {
    "product": 6,
    "size": "10.5",
    "stock": 100
  }
},
{
  "model": "store.shoesize",
  "pk": 48,
  "fields": {
    "product": 6,
    "size": "11.0",
    "stock": 100
  }
},
{
  "model": "store.shoesize",
  "pk": 49,
  "fields": {
    "product": 6,
    "size": "11.5",
    "stock": 100
  }
},
{
  "model": "store.shoesize",
  "pk": 50,
  "fields": {
    "product": 6,
    "size": "12.0",
    "stock": 100
  }
},
{
  "model": "store.shoesize",
  "pk": 51,
  "fields": {
    "product": 7,
    "size": "7.0",
    "stock": 100
  }
},
{
  "model": "store.shoesize",
  "pk": 52,
  "fields": {
    "product": 7,
    "size": "7.5",
    "stock": 100
  }
},
{
  "model": "store.shoesize",
  "pk": 53,
  "fields": {
    "product": 7,
    "size": "8.0",
    "stock": 99
  }
},
{
  "model": "store.shoesize",
  "pk": 54,
  "fields": {
    "product": 7,
    "size": "8.5",
    "stock": 98
  }
},
{
  "model": "store.shoesize",
  "pk": 55,
  "fields": {
    "product": 7,
    "size": "9.0",
    "stock": 100
  }
},
{
  "model": "store.shoesize",
  "pk": 56,
  "fields": {
    "product": 7,
    "size": "9.5",
    "stock": 99
  }
},
{
  "model": "store.shoesize",
  "pk": 57,
  "fields": {
    "product": 7,
    "size": "10.0",
    "stock": 99
  }
},
{
  "model": "store.shoesize",
  "pk": 58,
  "fields": {
    "product": 7,
    "size": "10.5",
    "stock": 100
  }
},
{
  "model": "store.shoesize",
  "pk": 59,
  "fields": {
    "product": 7,
    "size": "11.0",
    "stock": 100
  }
},
{
  "model": "store.shoesize",
  "pk": 60,
  "fields": {
    "product": 7,
    "size": "11.5",
    "stock": 100
  }
},
{
  "model": "store.shoesize",
  "pk": 61,
  "fields": {
    "product": 7,
    "size": "12.0",
    "stock": 100
  }
},
{
  "model": "store.shoesize",
  "pk": 62,
  "fields": {
    "product": 8,
    "size": "7.0",
    "stock": 100
  }
},
{
  "model": "store.shoesize",
  "pk": 63,
  "fields": {
    "product": 8,
    "size": "7.5",
    "stock": 100
  }
},
{
  "model": "store.shoesize",
  "pk": 64,
  "fields": {
    "product": 8,
    "size": "8.0",
    "stock": 100
  }
},
{
  "model": "store.shoesize",
  "pk": 65,
  "fields": {
    "product": 8,
    "size": "8.5",
    "stock": 100
  }
},
{
  "model": "store.shoesize",
  "pk": 66,
  "fields": {
    "product": 8,
    "size": "9.0",
    "stock": 100
  }
},
{
  "model": "store.shoesize",
  "pk": 67,
  "fields": {
    "product": 8,
    "size": "9.5",
    "stock": 100
  }
},
{
  "model": "store.shoesize",
  "pk": 68,
  "fields": {
    "product": 8,
    "size": "10.0",
    "stock": 100
  }
},
{
  "model": "store.shoesize",
  "pk": 69,
  "fields": {
    "product": 8,
    "size": "10.5",
    "stock": 100
  }
},
{
  "model": "store.shoesize",
  "pk": 70,
  "fields": {
    "product": 8,
    "size": "11.0",
    "stock": 100
  }
},
{
  "model": "store.shoesize",
  "pk": 71,
  "fields": {
    "product": 8,
    "size": "11.5",
    "stock": 100
  }
},
{
  "model": "store.shoesize",
  "pk": 72,
  "fields": {
    "product": 8,
    "size": "12.0",
    "stock": 100
  }
},
{
  "model": "store.shoesize",
  "pk": 73,
  "fields": {
    "product": 9,
    "size": "7.0",
    "stock": 100
  }
},
{
  "model": "store.shoesize",
  "pk": 74,
  "fields": {
    "product": 9,
    "size": "7.5",
    "stock": 99
  }
},
{
  "model": "store.shoesize",
  "pk": 75,
  "fields": {
    "product": 9,
    "size": "8.0",
    "stock": 100
  }
},
{
  "model": "store.shoesize",
  "pk": 76,
  "fields": {
    "product": 9,
    "size": "8.5",
    "stock": 99
  }
},
{
  "model": "store.shoesize",
  "pk": 77,
  "fields": {
    "product": 9,
    "size": "9.0",
    "stock": 99
  }
},
{
  "model": "store.shoesize",
  "pk": 78,
  "fields": {
    "product": 9,
    "size": "9.5",
    "stock": 100
  }
},
{
  "model": "store.shoesize",
  "pk": 79,
  "fields": {
    "product": 9,
    "size": "10.0",
    "stock": 99
  }
},
{
  "model": "store.shoesize",
  "pk": 80,
  "fields": {
    "product": 9,
    "size": "10.5",
    "stock": 100
  }
},
{
  "model": "store.shoesize",
  "pk": 81,
  "fields": {
    "product": 9,
    "size": "11.0",
    "stock": 100
  }
},
{
  "model": "store.shoesize",
  "pk": 82,
  "fields": {
    "product": 9,
    "size": "11.5",
    "stock": 100
  }
},
{
  "model": "store.shoesize",
  "pk": 83,
  "fields": {
    "product": 9,
    "size": "12.0",
    "stock": 100
  }
},
{
  "model": "store.shoesize",
  "pk": 84,
  "fields": {
    "product": 10,
    "size": "7.0",
    "stock": 100
  }
},
{
  "model": "store.shoesize",
  "pk": 85,
  "fields": {
    "product": 10,
    "size": "7.5",
    "stock": 100
  }
},
{
  "model": "store.shoesize",
  "pk": 86,
  "fields": {
    "product": 10,
    "size": "8.0",
    "stock": 100
  }
},
{
  "model": "store.shoesize",
  "pk": 87,
  "fields": {
    "product": 10,
    "size": "8.5",
    "stock": 100
  }
},
{
  "model": "store.shoesize",
  "pk": 88,
  "fields": {
    "product": 10,
    "size": "9.0",
    "stock": 100
  }
},
{
  "model": "store.shoesize",
  "pk": 89,
  "fields": {
    "product": 10,
    "size": "9.5",
    "stock": 100
  }
},
{
  "model": "store.shoesize",
  "pk": 90,
  "fields": {
    "product": 10,
    "size": "10.0",
    "stock": 100
  }
},
{
  "model": "store.shoesize",
  "pk": 91,
  "fields": {
    "product": 10,
    "size": "10.5",
    "stock": 100
  }
},
{
  "model": "store.shoesize",
  "pk": 92,
  "fields": {
    "product": 10,
    "size": "11.0",
    "stock": 100
  }
},
{
  "model": "store.shoesize",
  "pk": 93,
  "fields": {
    "product": 10,
    "size": "11.5",
    "stock": 100
  }
},
{
  "model": "store.shoesize",
  "pk": 94,
  "fields": {
    "product": 10,
    "size": "12.0",
    "stock": 100
  }
},
{
  "model": "store.shoesize",
  "pk": 95,
  "fields": {
    "product": 11,
    "size": "7.0",
    "stock": 100
  }
},
{
  "model": "store.shoesize",
  "pk": 96,
  "fields": {
    "product": 11,
    "size": "7.5",
    "stock": 100
  }
},
{
  "model": "store.shoesize",
  "pk": 97,
  "fields": {
    "product": 11,
    "size": "8.0",
    "stock": 100
  }
},
{
  "model": "store.shoesize",
  "pk": 98,
  "fields": {
    "product": 11,
    "size": "8.5",
    "stock": 100
  }
},
{
  "model": "store.shoesize",
  "pk": 99,
  "fields": {
    "product": 11,
    "size": "9.0",
    "stock": 100
  }
},
{
  "model": "store.shoesize",
  "pk": 100,
  "fields": {
    "product": 11,
    "size": "9.5",
    "stock": 100
  }
},
{
  "model": "store.shoesize",
  "pk": 101,
  "fields": {
    "product": 11,
    "size": "10.0",
    "stock": 100
  }
},
{
  "model": "store.shoesize",
  "pk": 102,
  "fields": {
    "product": 11,
    "size": "10.5",
    "stock": 100
  }
},
{
  "model": "store.shoesize",
  "pk": 103,
  "fields": {
    "product": 11,
    "size": "11.0",
    "stock": 100
  }
},
{
  "model": "store.shoesize",
  "pk": 104,
  "fields": {
    "product": 11,
    "size": "11.5",
    "stock": 100
  }
},
{
  "model": "store.shoesize",
  "pk": 105,
  "fields": {
    "product": 11,
    "size": "12.0",
    "stock": 100
  }
},
{
  "model": "store.shoesize",
  "pk": 106,
  "fields": {
    "product": 12,
    "size": "7.0",
    "stock": 100
  }
},
{
  "model": "store.shoesize",
  "pk": 107,
  "fields": {
    "product": 12,
    "size": "7.5",
    "stock": 100
  }
},
{
  "model": "store.shoesize",
  "pk": 108,
  "fields": {
    "product": 12,
    "size": "8.0",
    "stock": 100
  }
},
{
  "model": "store.shoesize",
  "pk": 109,
  "fields": {
    "product": 12,
    "size": "8.5",
    "stock": 100
  }
},
{
  "model": "store.shoesize",
  "pk": 110,
  "fields": {
    "product": 12,
    "size": "9.0",
    "stock": 99
  }
},
{
  "model": "store.shoesize",
  "pk": 111,
  "fields": {
    "product": 12,
    "size": "9.5",
    "stock": 100
  }
},
{
  "model": "store.shoesize",
  "pk": 112,
  "fields": {
    "product": 12,
    "size": "10.0",
    "stock": 100
  }
},
{
  "model": "store.shoesize",
  "pk": 113,
  "fields": {
    "product": 12,
    "size": "10.5",
    "stock": 100
  }
},
{
  "model": "store.shoesize",
  "pk": 114,
  "fields": {
    "product": 12,
    "size": "11.0",
    "stock": 100
  }
},
{
  "model": "store.shoesize",
  "pk": 115,
  "fields": {
    "product": 12,
    "size": "11.5",
    "stock": 100
  }
},
{
  "model": "store.shoesize",
  "pk": 116,
  "fields": {
    "product": 12,
    "size": "12.0",
    "stock": 100
  }
},
{
  "model": "store.shoesize",
  "pk": 117,
  "fields": {
    "product": 13,
    "size": "7.0",
    "stock": 100
  }
},
{
  "model": "store.shoesize",
  "pk": 118,
  "fields": {
    "product": 13,
    "size": "7.5",
    "stock": 100
  }
},
{
  "model": "store.shoesize",
  "pk": 119,
  "fields": {
    "product": 13,
    "size": "8.0",
    "stock": 100
  }
},
{
  "model": "store.shoesize",
  "pk": 120,
  "fields": {
    "product": 13,
    "size": "8.5",
    "stock": 100
  }
},
{
  "model": "store.shoesize",
  "pk": 121,
  "fields": {
    "product": 13,
    "size": "9.0",
    "stock": 100
  }
},
{
  "model": "store.shoesize",
  "pk": 122,
  "fields": {
    "product": 13,
    "size": "9.5",
    "stock": 100
  }
},
{
  "model": "store.shoesize",
  "pk": 123,
  "fields": {
    "product": 13,
    "size": "10.0",
    "stock": 100
  }
},
{
  "model": "store.shoesize",
  "pk": 124,
  "fields": {
    "product": 13,
    "size": "10.5",
    "stock": 100
  }
},
{
  "model": "store.shoesize",
  "pk": 125,
  "fields": {
    "product": 13,
    "size": "11.0",
    "stock": 100
  }
},
{
  "model": "store.shoesize",
  "pk": 126,
  "fields": {
    "product": 13,
    "size": "11.5",
    "stock": 100
  }
},
{
  "model": "store.shoesize",
  "pk": 127,
  "fields": {
    "product": 13,
    "size": "12.0",
    "stock": 100
  }
},
{
  "model": "store.shoesize",
  "pk": 128,
  "fields": {
    "product": 14,
    "size": "7.0",
    "stock": 100
  }
},
{
  "model": "store.shoesize",
  "pk": 129,
  "fields": {
    "product": 14,
    "size": "7.5",
    "stock": 100
  }
},
{
  "model": "store.shoesize",
  "pk": 130,
  "fields": {
    "product": 15,
    "size": "7.0",
    "stock": 100
  }
},
{
  "model": "store.shoesize",
  "pk": 131,
  "fields": {
    "product": 15,
    "size": "7.5",
    "stock": 100
  }
},
{
  "model": "store.shoesize",
  "pk": 132,
  "fields": {
    "product": 16,
    "size": "7.0",
    "stock": 100
  }
},
{
  "model": "store.shoesize",
  "pk": 133,
  "fields": {
    "product": 16,
    "size": "7.5",
    "stock": 99
  }
},
{
  "model": "store.shoesize",
  "pk": 134,
  "fields": {
    "product": 17,
    "size": "10.0",
    "stock": 99
  }
},
{
  "model": "store.cartitem",
  "pk": 13,
  "fields": {
    "cart": "e45316fe-3299-413d-adb3-6809a2f8ac08",
    "product": 2,
    "size": 3,
    "quantity": 1
  }
},
{
  "model": "store.orderitem",
  "pk": 2,
  "fields": {
    "order": "157cba9a-634b-4e42-a009-4f429e5ff3c9",
    "product": 4,
    "price": "7400.00",
    "quantity": 1,
    "size": "7.0"
  }
},
{
  "model": "store.orderitem",
  "pk": 3,
  "fields": {
    "order": "157cba9a-634b-4e42-a009-4f429e5ff3c9",
    "product": 6,
    "price": "7990.00",
    "quantity": 1,
    "size": "7.5"
  }
},
{
  "model": "store.orderitem",
  "pk": 4,
  "fields": {
    "order": "157cba9a-634b-4e42-a009-4f429e5ff3c9",
    "product": 12,
    "price": "6500.00",
    "quantity": 1,
    "size": "9.0"
  }
},
{
  "model": "store.orderitem",
  "pk": 5,
  "fields": {
    "order": "157cba9a-634b-4e42-a009-4f429e5ff3c9",
    "product": 9,
    "price": "3700.00",
    "quantity": 1,
    "size": "7.5"
  }
},
{
  "model": "store.orderitem",
  "pk": 6,
  "fields": {
    "order": "db7cbb1c-064b-460f-9a54-bbc66f429e2a",
    "product": 9,
    "price": "3700.00",
    "quantity": 1,
    "size": "8.5"
  }
},
{
  "model": "store.orderitem",
  "pk": 7,
  "fields": {
    "order": "db7cbb1c-064b-460f-9a54-bbc66f429e2a",
    "product": 16,
    "price": "2200.00",
    "quantity": 1,
    "size": "7.5"
  }
},
{
  "model": "store.orderitem",
  "pk": 8,
  "fields": {
    "order": "db7cbb1c-064b-460f-9a54-bbc66f429e2a",
    "product": 7,
    "price": "5500.00",
    "quantity": 1,
    "size": "9.5"
  }
},
{
  "model": "store.orderitem",
  "pk": 9,
  "fields": {
    "order": "32bf676d-d749-489d-8403-6642e018dc95",
    "product": 2,
    "price": "6500.00",
    "quantity": 1,
    "size": "8.0"
  }
},
{
  "model": "store.orderitem",
  "pk": 10,
  "fields": {
    "order": "32bf676d-d749-489d-8403-6642e018dc95",
    "product": 3,
    "price": "7700.00",
    "quantity": 1,
    "size": "8.5"
  }
},
{
  "model": "store.orderitem",
  "pk": 11,
  "fields": {
    "order": "c3e7d735-0ec5-4298-86e1-3b1117c00278",
    "product": 7,
    "price": "5500.00",
    "quantity": 1,
    "size": "8.0"
  }
},
{
  "model": "store.orderitem",
  "pk": 12,
  "fields": {
    "order": "8ef9898b-4164-48f0-bc81-ec599ec44e72",
    "product": 17,
    "price": "999999.00",
    "quantity": 1,
    "size": "10.0"
  }
},
{
  "model": "store.orderitem",
  "pk": 13,
  "fields": {
    "order": "b9d73a68-94a9-4be7-bed2-bdbc5b0030da",
    "product": 5,
    "price": "7600.00",
    "quantity": 1,
    "size": "9.0"
  }
},
{
  "model": "store.orderitem",
  "pk": 14,
  "fields": {
    "order": "0926668a-0f57-4164-a6ff-82bac79c75b7",
    "product": 7,
    "price": "5500.00",
    "quantity": 1,
    "size": "8.5"
  }
},
{
  "model": "store.orderitem",
  "pk": 15,
  "fields": {
    "order": "bd101062-673b-49fb-969c-5f27b6fd43d3",
    "product": 7,
    "price": "5500.00",
    "quantity": 1,
    "size": "10.0"
  }
},
{
  "model": "store.orderitem",
  "pk": 16,
  "fields": {
    "order": "bd101062-673b-49fb-969c-5f27b6fd43d3",
    "product": 3,
    "price": "7700.00",
    "quantity": 1,
    "size": "10.0"
  }
},
{
  "model": "store.orderitem",
  "pk": 17,
  "fields": {
    "order": "bd101062-673b-49fb-969c-5f27b6fd43d3",
    "product": 5,
    "price": "7600.00",
    "quantity": 1,
    "size": "9.5"
  }
},
{
  "model": "store.orderitem",
  "pk": 18,
  "fields": {
    "order": "52574582-5e85-4fac-af48-bc3b3e6621f4",
    "product": 9,
    "price": "3700.00",
    "quantity": 1,
    "size": "10.0"
  }
},
{
  "model": "store.orderitem",
  "pk": 19,
  "fields": {
    "order": "fa0899c8-32ab-4909-97e1-f26c4a65ce2b",
    "product": 7,
    "price": "5500.00",
    "quantity": 1,
    "size": "8.5"
  }
},
{
  "model": "store.orderitem",
  "pk": 20,
  "fields": {
    "order": "ca5a4e4c-3ad2-4333-ade1-ea209b3ef59c",
    "product": 6,
    "price": "7990.00",
    "quantity": 1,
    "size": "9.0"
  }
},
{
  "model": "store.orderitem",
  "pk": 21,
  "fields": {
    "order": "ca5a4e4c-3ad2-4333-ade1-ea209b3ef59c",
    "product": 3,
    "price": "7700.00",
    "quantity": 1,
    "size": "10.0"
  }
},
{
  "model": "store.orderitem",
  "pk": 22,
  "fields": {
    "order": "ca5a4e4c-3ad2-4333-ade1-ea209b3ef59c",
    "product": 9,
    "price": "3700.00",
    "quantity": 1,
    "size": "9.0"
  }
},
{
  "model": "auth.permission",
  "fields": {
    "name": "Can add log entry",
    "content_type": [
      "admin",
      "logentry"
    ],
    "codename": "add_logentry"
  }
},
{
  "model": "auth.permission",
  "fields": {
    "name": "Can change log entry",
    "content_type": [
      "admin",
      "logentry"
    ],
    "codename": "change_logentry"
  }
},
{
  "model": "auth.permission",
  "fields": {
    "name": "Can delete log entry",
    "content_type": [
      "admin",
      "logentry"
    ],
    "codename": "delete_logentry"
  }
},
{
  "model": "auth.permission",
  "fields": {
    "name": "Can view log entry",
    "content_type": [
      "admin",
      "logentry"
    ],
    "codename": "view_logentry"
  }
},
{
  "model": "auth.permission",
  "fields": {
    "name": "Can add permission",
    "content_type": [
      "auth",
      "permission"
    ],
    "codename": "add_permission"
  }
},
{
  "model": "auth.permission",
  "fields": {
    "name": "Can change permission",
    "content_type": [
      "auth",
      "permission"
    ],
    "codename": "change_permission"
  }
},
{
  "model": "auth.permission",
  "fields": {
    "name": "Can delete permission",
    "content_type": [
      "auth",
      "permission"
    ],
    "codename": "delete_permission"
  }
},
{
  "model": "auth.permission",
  "fields": {
    "name": "Can view permission",
    "content_type": [
      "auth",
      "permission"
    ],
    "codename": "view_permission"
  }
},
{
  "model": "auth.permission",
  "fields": {
    "name": "Can add group",
    "content_type": [
      "auth",
      "group"
    ],
    "codename": "add_group"
  }
},
{
  "model": "auth.permission",
  "fields": {
    "name": "Can change group",
    "content_type": [
      "auth",
      "group"
    ],
    "codename": "change_group"
  }
},
{
  "model": "auth.permission",
  "fields": {
    "name": "Can delete group",
    "content_type": [
      "auth",
      "group"
    ],
    "codename": "delete_group"
  }
},
{
  "model": "auth.permission",
  "fields": {
    "name": "Can view group",
    "content_type": [
      "auth",
      "group"
    ],
    "codename": "view_group"
  }
},
{
  "model": "auth.permission",
  "fields": {
    "name": "Can add user",
    "content_type": [
      "auth",
      "user"
    ],
    "codename": "add_user"
  }
},
{
  "model": "auth.permission",
  "fields": {
    "name": "Can change user",
    "content_type": [
      "auth",
      "user"
    ],
    "codename": "change_user"
  }
},
{
  "model": "auth.permission",
  "fields": {
    "name": "Can delete user",
    "content_type": [
      "auth",
      "user"
    ],
    "codename": "delete_user"
  }
},
{
  "model": "auth.permission",
  "fields": {
    "name": "Can view user",
    "content_type": [
      "auth",
      "user"
    ],
    "codename": "view_user"
  }
},
{
  "model": "auth.permission",
  "fields": {
    "name": "Can add content type",
    "content_type": [
      "contenttypes",
      "contenttype"
    ],
    "codename": "add_contenttype"
  }
},
{
  "model": "auth.permission",
  "fields": {
    "name": "Can change content type",
    "content_type": [
      "contenttypes",
      "contenttype"
    ],
    "codename": "change_contenttype"
  }
},
{
  "model": "auth.permission",
  "fields": {
    "name": "Can delete content type",
    "content_type": [
      "contenttypes",
      "contenttype"
    ],
    "codename": "delete_contenttype"
  }
},
{
  "model": "auth.permission",
  "fields": {
    "name": "Can view content type",
    "content_type": [
      "contenttypes",
      "contenttype"
    ],
    "codename": "view_contenttype"
  }
},
{
  "model": "auth.permission",
  "fields": {
    "name": "Can add session",
    "content_type": [
      "sessions",
      "session"
    ],
    "codename": "add_session"
  }
},
{
  "model": "auth.permission",
  "fields": {
    "name": "Can change session",
    "content_type": [
      "sessions",
      "session"
    ],
    "codename": "change_session"
  }
},
{
  "model": "auth.permission",
  "fields": {
    "name": "Can delete session",
    "content_type": [
      "sessions",
      "session"
    ],
    "codename": "delete_session"
  }
},
{
  "model": "auth.permission",
  "fields": {
    "name": "Can view session",
    "content_type": [
      "sessions",
      "session"
    ],
    "codename": "view_session"
  }
},
{
  "model": "auth.permission",
  "fields": {
    "name": "Can add shoe category",
    "content_type": [
      "store",
      "shoecategory"
    ],
    "codename": "add_shoecategory"
  }
},
{
  "model": "auth.permission",
  "fields": {
    "name": "Can change shoe category",
    "content_type": [
      "store",
      "shoecategory"
    ],
    "codename": "change_shoecategory"
  }
},
{
  "model": "auth.permission",
  "fields": {
    "name": "Can delete shoe category",
    "content_type": [
      "store",
      "shoecategory"
    ],
    "codename": "delete_shoecategory"
  }
},
{
  "model": "auth.permission",
  "fields": {
    "name": "Can view shoe category",
    "content_type": [
      "store",
      "shoecategory"
    ],
    "codename": "view_shoecategory"
  }
},
{
  "model": "auth.permission",
  "fields": {
    "name": "Can add product",
    "content_type": [
      "store",
      "product"
    ],
    "codename": "add_product"
  }
},
{
  "model": "auth.permission",
  "fields": {
    "name": "Can change product",
    "content_type": [
      "store",
      "product"
    ],
    "codename": "change_product"
  }
},
{
  "model": "auth.permission",
  "fields": {
    "name": "Can delete product",
    "content_type": [
      "store",
      "product"
    ],
    "codename": "delete_product"
  }
},
{
  "model": "auth.permission",
  "fields": {
    "name": "Can view product",
    "content_type": [
      "store",
      "product"
    ],
    "codename": "view_product"
  }
},
{
  "model": "auth.permission",
  "fields": {
    "name": "Can add shoe size",
    "content_type": [
      "store",
      "shoesize"
    ],
    "codename": "add_shoesize"
  }
},
{
  "model": "auth.permission",
  "fields": {
    "name": "Can change shoe size",
    "content_type": [
      "store",
      "shoesize"
    ],
    "codename": "change_shoesize"
  }
},
{
  "model": "auth.permission",
  "fields": {
    "name": "Can delete shoe size",
    "content_type": [
      "store",
      "shoesize"
    ],
    "codename": "delete_shoesize"
  }
},
{
  "model": "auth.permission",
  "fields": {
    "name": "Can view shoe size",
    "content_type": [
      "store",
      "shoesize"
    ],
    "codename": "view_shoesize"
  }
},
{
  "model": "auth.permission",
  "fields": {
    "name": "Can add product image",
    "content_type": [
      "store",
      "productimage"
    ],
    "codename": "add_productimage"
  }
},
{
  "model": "auth.permission",
  "fields": {
    "name": "Can change product image",
    "content_type": [
      "store",
      "productimage"
    ],
    "codename": "change_productimage"
  }
},
{
  "model": "auth.permission",
  "fields": {
    "name": "Can delete product image",
    "content_type": [
      "store",
      "productimage"
    ],
    "codename": "delete_productimage"
  }
},
{
  "model": "auth.permission",
  "fields": {
    "name": "Can view product image",
    "content_type": [
      "store",
      "productimage"
    ],
    "codename": "view_productimage"
  }
},
{
  "model": "auth.permission",
  "fields": {
    "name": "Can add order",
    "content_type": [
      "store",
      "order"
    ],
    "codename": "add_order"
  }
},
{
  "model": "auth.permission",
  "fields": {
    "name": "Can change order",
    "content_type": [
      "store",
      "order"
    ],
    "codename": "change_order"
  }
},
{
  "model": "auth.permission",
  "fields": {
    "name": "Can delete order",
    "content_type": [
      "store",
      "order"
    ],
    "codename": "delete_order"
  }
},
{
  "model": "auth.permission",
  "fields": {
    "name": "Can view order",
    "content_type": [
      "store",
      "order"
    ],
    "codename": "view_order"
  }
},
{
  "model": "auth.permission",
  "fields": {
    "name": "Can add order item",
    "content_type": [
      "store",
      "orderitem"
    ],
    "codename": "add_orderitem"
  }
},
{
  "model": "auth.permission",
  "fields": {
    "name": "Can change order item",
    "content_type": [
      "store",
      "orderitem"
    ],
    "codename": "change_orderitem"
  }
},
{
  "model": "auth.permission",
  "fields": {
    "name": "Can delete order item",
    "content_type": [
      "store",
      "orderitem"
    ],
    "codename": "delete_orderitem"
  }
},
{
  "model": "auth.permission",
  "fields": {
    "name": "Can view order item",
    "content_type": [
      "store",
      "orderitem"
    ],
    "codename": "view_orderitem"
  }
},
{
  "model": "auth.permission",
  "fields": {
    "name": "Can add cart",
    "content_type": [
      "store",
      "cart"
    ],
    "codename": "add_cart"
  }
},
{
  "model": "auth.permission",
  "fields": {
    "name": "Can change cart",
    "content_type": [
      "store",
      "cart"
    ],
    "codename": "change_cart"
  }
},
{
  "model": "auth.permission",
  "fields": {
    "name": "Can delete cart",
    "content_type": [
      "store",
      "cart"
    ],
    "codename": "delete_cart"
  }
},
{
  "model": "auth.permission",
  "fields": {
    "name": "Can view cart",
    "content_type": [
      "store",
      "cart"
    ],
    "codename": "view_cart"
  }
},
{
  "model": "auth.permission",
  "fields": {
    "name": "Can add cart item",
    "content_type": [
      "store",
      "cartitem"
    ],
    "codename": "add_cartitem"
  }
},
{
  "model": "auth.permission",
  "fields": {
    "name": "Can change cart item",
    "content_type": [
      "store",
      "cartitem"
    ],
    "codename": "change_cartitem"
  }
},
{
  "model": "auth.permission",
  "fields": {
    "name": "Can delete cart item",
    "content_type": [
      "store",
      "cartitem"
    ],
    "codename": "delete_cartitem"
  }
},
{
  "model": "auth.permission",
  "fields": {
    "name": "Can view cart item",
    "content_type": [
      "store",
      "cartitem"
    ],
    "codename": "view_cartitem"
  }
},
{
  "model": "auth.user",
  "fields": {
    "password": "pbkdf2_sha256$600000$iybdouniDyfleVOjdPZLQf$A0PA5D2Z6kRklb1MgioNtAoGplvHs32vcafjOIVQAjE=",
    "last_login": "2025-05-27T18:32:44.015Z",
    "is_superuser": true,
    "username": "admin",
    "first_name": "",
    "last_name": "",
    "email": "admin@example.com",
    "is_staff": true,
    "is_active": true,
    "date_joined": "2025-05-10T18:42:45.945Z",
    "groups": [],
    "user_permissions": []
  }
},
{
  "model": "auth.user",
  "fields": {
    "password": "pbkdf2_sha256$600000$slkJ1cl4Itc5DR5JE4vXc5$Bf16uUF5amPpR3eJUzb6yFLAz9aVAoZLvso76O9gk2k=",
    "last_login": null,
    "is_superuser": true,
    "username": "taras",
    "first_name": "",
    "last_name": "",
    "email": "tarasbos10@gmail.com",
    "is_staff": true,
    "is_active": true,
    "date_joined": "2025-05-13T15:05:14.540Z",
    "groups": [],
    "user_permissions": []
  }
},
{
  "model": "auth.user",
  "fields": {
    "password": "pbkdf2_sha256$600000$8jUMvzTVH4cs1n0G3UP99q$KZJleFDpEAWRfnZeu71YisY+fc0HNbXFbVcFWvN0b+Q=",
    "last_login": "2025-05-26T12:31:25.006Z",
    "is_superuser": false,
    "username": "test123",
    "first_name": "test123",
    "last_name": "test123",
    "email": "test123@gmail.com",
    "is_staff": false,
    "is_active": true,
    "date_joined": "2025-05-26T12:28:06.020Z",
    "groups": [],
    "user_permissions": []
  }
},
{
  "model": "auth.user",
  "fields": {
    "password": "pbkdf2_sha256$600000$1XFebHJoZ1HhGWyrNGIPpN$nev0h03AYK504WwupHCq892dLhbwEIObKqh59AKqm2I=",
    "last_login": "2025-05-27T18:33:12.739Z",
    "is_superuser": false,
    "username": "evelone192",
    "first_name": "evelone192",
    "last_name": "<3",
    "email": "evelone192@gmail.com",
    "is_staff": false,
    "is_active": true,
    "date_joined": "2025-05-27T15:25:11.821Z",
    "groups": [],
    "user_permissions": []
  }
},
{
  "model": "store.cart",
  "pk": "4a11fbe0-9210-40e4-ad39-688eb8cb48f3",
  "fields": {
    "user": [
      "evelone192"
    ],
    "created_at": "2025-05-26T19:21:22.917Z",
    "updated_at": "2025-05-27T15:25:12.751Z"
  }
},
{
  "model": "store.cart",
  "pk": "51a05e8c-e245-47ea-b822-9fa9d9c07adb",
  "fields": {
    "user": [
      "admin"
    ],
    "created_at": "2025-05-26T14:08:19.825Z",
    "updated_at": "2025-05-26T14:08:19.825Z"
  }
},
{
  "model": "store.cart",
  "pk": "522de4f5-1243-4f82-adde-452c6608d67c",
  "fields": {
    "user": null,
    "created_at": "2025-05-13T15:12:27.950Z",
    "updated_at": "2025-05-13T15:12:27.950Z"
  }
},
{
  "model": "store.cart",
  "pk": "980a1a2f-d9b9-42ea-90f1-3754d3605ed9",
  "fields": {
    "user": null,
    "created_at": "2025-05-13T19:27:07.565Z",
    "updated_at": "2025-05-13T19:27:07.565Z"
  }
},
{
  "model": "store.cart",
  "pk": "b986e44f-3ec8-4eb7-90a6-ba54e2b47c6f",
  "fields": {
    "user": null,
    "created_at": "2025-05-13T15:06:16.297Z",
    "updated_at": "2025-05-13T15:06:16.297Z"
  }
},
{
  "model": "store.cart",
  "pk": "dc95e96e-a2d1-444c-9ad6-e7121d3c3ab3",
  "fields": {
    "user": [
      "test123"
    ],
    "created_at": "2025-05-26T12:27:35.516Z",
    "updated_at": "2025-05-26T12:28:06.966Z"
  }
},
{
  "model": "store.cart",
  "pk": "e45316fe-3299-413d-adb3-6809a2f8ac08",
  "fields": {
    "user": null,
    "created_at": "2025-05-19T21:12:22.699Z",
    "updated_at": "2025-05-19T21:12:22.699Z"
  }
},
{
  "model": "store.order",
  "pk": "0926668a-0f57-4164-a6ff-82bac79c75b7",
  "fields": {
    "user": [
      "evelone192"
    ],
    "first_name": "evelone192",
    "last_name": "<3",
    "email": "evelone192@gmail.com",
    "phone": "192",
    "address": "evelone192",
    "city": "evelone192",
    "postal_code": "192",
    "created_at": "2025-05-27T15:26:00.796Z",
    "updated_at": "2025-05-27T16:50:51.460Z",
    "status": "shipped",
    "note": "evelone192",
    "total_cost": "5500.00"
  }
},
{
  "model": "store.order",
  "pk": "157cba9a-634b-4e42-a009-4f429e5ff3c9",
  "fields": {
    "user": null,
    "first_name": "Taras",
    "last_name": "Sen",
    "email": "tarasbos10@gmail.com",
    "phone": "+380937353170",
    "address": "Energetychna 16A",
    "city": "Lviv",
    "postal_code": "80000",
    "created_at": "2025-05-13T19:09:05.783Z",
    "updated_at": "2025-05-13T19:09:05.783Z",
    "status": "pending",
    "note": "123123",
    "total_cost": "25590.00"
  }
},
{
  "model": "store.order",
  "pk": "32bf676d-d749-489d-8403-6642e018dc95",
  "fields": {
    "user": [
      "test123"
    ],
    "first_name": "test123",
    "last_name": "test123",
    "email": "test123@gmail.com",
    "phone": "123",
    "address": "Energetychna 16A",
    "city": "Lviv",
    "postal_code": "80000",
    "created_at": "2025-05-26T12:28:31.339Z",
    "updated_at": "2025-05-26T12:31:14.501Z",
    "status": "shipped",
    "note": "test123",
    "total_cost": "14200.00"
  }
},
{
  "model": "store.order",
  "pk": "4bc27fea-9b17-40f5-ac09-33493152f3f4",
  "fields": {
    "user": null,
    "first_name": "Taras",
    "last_name": "sen",
    "email": "troll.hazker@gmail.com",
    "phone": "+380937353170",
    "address": "Energetychna 16A",
    "city": "Lviv",
    "postal_code": "80000",
    "created_at": "2025-05-13T15:09:13.229Z",
    "updated_at": "2025-05-13T15:09:13.229Z",
    "status": "pending",
    "note": "тест",
    "total_cost": "5000.00"
  }
},
{
  "model": "store.order",
  "pk": "52574582-5e85-4fac-af48-bc3b3e6621f4",
  "fields": {
    "user": [
      "evelone192"
    ],
    "first_name": "evelone192",
    "last_name": "<3",
    "email": "evelone192@gmail.com",
    "phone": "123123",
    "address": "123123",
    "city": "123123",
    "postal_code": "123123",
    "created_at": "2025-05-27T20:11:27.844Z",
    "updated_at": "2025-05-27T20:11:27.844Z",
    "status": "pending",
    "note": "123123",
    "total_cost": "3700.00"
  }
},
{
  "model": "store.order",
  "pk": "8ef9898b-4164-48f0-bc81-ec599ec44e72",
  "fields": {
    "user": [
      "admin"
    ],
    "first_name": "gyugyu",
    "last_name": "hjghjg",
    "email": "admin@example.com",
    "phone": "897987987987",
    "address": "tyyt5yt",
    "city": "LVIV",
    "postal_code": "80000",
    "created_at": "2025-05-26T15:14:08.529Z",
    "updated_at": "2025-05-26T15:14:08.529Z",
    "status": "pending",
    "note": "123",
    "total_cost": "999999.00"
  }
},
{
  "model": "store.order",
  "pk": "b9d73a68-94a9-4be7-bed2-bdbc5b0030da",
  "fields": {
    "user": [
      "admin"
    ],
    "first_name": "7huih",
    "last_name": "hjghjg",
    "email": "admin@example.com",
    "phone": "897987987987",
    "address": "yguyguyg",
    "city": "khkjlhjk",
    "postal_code": "80000",
    "created_at": "2025-05-26T15:37:18.375Z",
    "updated_at": "2025-05-26T15:37:42.823Z",
    "status": "processing",
    "note": "",
    "total_cost": "7600.00"
  }
},
{
  "model": "store.order",
  "pk": "bd101062-673b-49fb-969c-5f27b6fd43d3",
  "fields": {
    "user": [
      "evelone192"
    ],
    "first_name": "evelone192",
    "last_name": "<3",
    "email": "evelone192@gmail.com",
    "phone": "897987987987",
    "address": "1123",
    "city": "LVIV",
    "postal_code": "80000",
    "created_at": "2025-05-27T18:32:19.655Z",
    "updated_at": "2025-05-27T18:32:56.894Z",
    "status": "shipped",
    "note": "213213",
    "total_cost": "20800.00"
  }
},
{
  "model": "store.order",
  "pk": "c3e7d735-0ec5-4298-86e1-3b1117c00278",
  "fields": {
    "user": [
      "test123"
    ],
    "first_name": "test123",
    "last_name": "test123",
    "email": "test123@gmail.com",
    "phone": "0937353170",
    "address": "123",
    "city": "123",
    "postal_code": "80000",
    "created_at": "2025-05-26T12:29:36.296Z",
    "updated_at": "2025-05-26T12:31:14.500Z",
    "status": "delivered",
    "note": "123123",
    "total_cost": "5500.00"
  }
},
{
  "model": "store.order",
  "pk": "ca5a4e4c-3ad2-4333-ade1-ea209b3ef59c",
  "fields": {
    "user": [
      "evelone192"
    ],
    "first_name": "evelone192",
    "last_name": "<3",
    "email": "evelone192@gmail.com",
    "phone": "192",
    "address": "evelone192",
    "city": "evelone192",
    "postal_code": "192",
    "created_at": "2025-05-29T20:41:30.434Z",
    "updated_at": "2025-05-29T20:42:14.853Z",
    "status": "processing",
    "note": "evelone192",
    "total_cost": "19390.00"
  }
},
{
  "model": "store.order",
  "pk": "db7cbb1c-064b-460f-9a54-bbc66f429e2a",
  "fields": {
    "user": null,
    "first_name": "sadasd",
    "last_name": "qweqwe",
    "email": "tarasbos10@gmail.com",
    "phone": "897987987987",
    "address": "asdasda",
    "city": "LVIV",
    "postal_code": "80000",
    "created_at": "2025-05-13T19:28:17.430Z",
    "updated_at": "2025-05-13T19:28:17.430Z",
    "status": "pending",
    "note": "test",
    "total_cost": "11400.00"
  }
},
{
  "model": "store.order",
  "pk": "fa0899c8-32ab-4909-97e1-f26c4a65ce2b",
  "fields": {
    "user": [
      "evelone192"
    ],
    "first_name": "evelone192",
    "last_name": "<3",
    "email": "evelone192@gmail.com",
    "phone": "123213",
    "address": "123",
    "city": "213123",
    "postal_code": "123123",
    "created_at": "2025-05-27T20:12:05.004Z",
    "updated_at": "2025-05-27T20:12:15.786Z",
    "status": "processing",
    "note": "",
    "total_cost": "5500.00"
  }
},
{
  "model": "admin.logentry",
  "pk": 1,
  "fields": {
    "action_time": "2025-05-10T18:52:12.545Z",
    "user": [
      "admin"
    ],
    "content_type": [
      "store",
      "shoecategory"
    ],
    "object_id": "1",
    "object_repr": "Dunk",
    "action_flag": 1,
    "change_message": "[{\"added\": {}}]"
  }
},
{
  "model": "admin.logentry",
  "pk": 2,
  "fields": {
    "action_time": "2025-05-10T18:52:15.620Z",
    "user": [
      "admin"
    ],
    "content_type": [
      "store",
      "product"
    ],
    "object_id": "1",
    "object_repr": "nike dunk",
    "action_flag": 1,
    "change_message": "[{\"added\": {}}, {\"added\": {\"name\": \"shoe size\", \"object\": \"nike dunk - Size 10\"}}]"
  }
},
{
  "model": "admin.logentry",
  "pk": 3,
  "fields": {
    "action_time": "2025-05-10T18:52:56.405Z",
    "user": [
      "admin"
    ],
    "content_type": [
      "store",
      "product"
    ],
    "object_id": "1",
    "object_repr": "nike dunk",
    "action_flag": 2,
    "change_message": "[{\"changed\": {\"fields\": [\"Image\"]}}]"
  }
},
{
  "model": "admin.logentry",
  "pk": 4,
  "fields": {
    "action_time": "2025-05-13T15:17:46.265Z",
    "user": [
      "admin"
    ],
    "content_type": [
      "store",
      "product"
    ],
    "object_id": "2",
    "object_repr": "NIKE DUNK LOW RETRO CAVE STONE",
    "action_flag": 1,
    "change_message": "[{\"added\": {}}, {\"added\": {\"name\": \"shoe size\", \"object\": \"NIKE DUNK LOW RETRO CAVE STONE - Size 8\"}}, {\"added\": {\"name\": \"shoe size\", \"object\": \"NIKE DUNK LOW RETRO CAVE STONE - Size 8.5\"}}, {\"added\": {\"name\": \"shoe size\", \"object\": \"NIKE DUNK LOW RETRO CAVE STONE - Size 9\"}}, {\"added\": {\"name\": \"shoe size\", \"object\": \"NIKE DUNK LOW RETRO CAVE STONE - Size 9.5\"}}, {\"added\": {\"name\": \"shoe size\", \"object\": \"NIKE DUNK LOW RETRO CAVE STONE - Size 10\"}}, {\"added\": {\"name\": \"shoe size\", \"object\": \"NIKE DUNK LOW RETRO CAVE STONE - Size 10.5\"}}, {\"added\": {\"name\": \"shoe size\", \"object\": \"NIKE DUNK LOW RETRO CAVE STONE - Size 11\"}}, {\"added\": {\"name\": \"shoe size\", \"object\": \"NIKE DUNK LOW RETRO CAVE STONE - Size 11.5\"}}, {\"added\": {\"name\": \"shoe size\", \"object\": \"NIKE DUNK LOW RETRO CAVE STONE - Size 12\"}}, {\"added\": {\"name\": \"product image\", \"object\": \"Image for NIKE DUNK LOW RETRO CAVE STONE (#1)\"}}, {\"added\": {\"name\": \"product image\", \"object\": \"Image for NIKE DUNK LOW RETRO CAVE STONE (#1)\"}}, {\"added\": {\"name\": \"product image\", \"object\": \"Image for NIKE DUNK LOW RETRO CAVE STONE (#1)\"}}, {\"added\": {\"name\": \"product image\", \"object\": \"Image for NIKE DUNK LOW RETRO CAVE STONE (#1)\"}}, {\"added\": {\"name\": \"product image\", \"object\": \"Image for NIKE DUNK LOW RETRO CAVE STONE (#1)\"}}, {\"added\": {\"name\": \"product image\", \"object\": \"Image for NIKE DUNK LOW RETRO CAVE STONE (#1)\"}}, {\"added\": {\"name\": \"product image\", \"object\": \"Image for NIKE DUNK LOW RETRO CAVE STONE (#1)\"}}, {\"added\": {\"name\": \"product image\", \"object\": \"Image for NIKE DUNK LOW RETRO CAVE STONE (#1)\"}}]"
  }
},
{
  "model": "admin.logentry",
  "pk": 5,
  "fields": {
    "action_time": "2025-05-13T17:25:12.663Z",
    "user": [
      "admin"
    ],
    "content_type": [
      "store",
      "product"
    ],
    "object_id": "1",
    "object_repr": "nike dunk",
    "action_flag": 3,
    "change_message": ""
  }
},
{
  "model": "admin.logentry",
  "pk": 6,
  "fields": {
    "action_time": "2025-05-13T17:27:18.601Z",
    "user": [
      "admin"
    ],
    "content_type": [
      "store",
      "product"
    ],
    "object_id": "3",
    "object_repr": "NIKE DUNK LOW RETRO SE TERRA BROWN",
    "action_flag": 1,
    "change_message": "[{\"added\": {}}, {\"added\": {\"name\": \"shoe size\", \"object\": \"NIKE DUNK LOW RETRO SE TERRA BROWN - Size 8\"}}, {\"added\": {\"name\": \"shoe size\", \"object\": \"NIKE DUNK LOW RETRO SE TERRA BROWN - Size 8.5\"}}, {\"added\": {\"name\": \"shoe size\", \"object\": \"NIKE DUNK LOW RETRO SE TERRA BROWN - Size 9\"}}, {\"added\": {\"name\": \"shoe size\", \"object\": \"NIKE DUNK LOW RETRO SE TERRA BROWN - Size 9.5\"}}, {\"added\": {\"name\": \"shoe size\", \"object\": \"NIKE DUNK LOW RETRO SE TERRA BROWN - Size 10\"}}, {\"added\": {\"name\": \"shoe size\", \"object\": \"NIKE DUNK LOW RETRO SE TERRA BROWN - Size 10.5\"}}, {\"added\": {\"name\": \"shoe size\", \"object\": \"NIKE DUNK LOW RETRO SE TERRA BROWN - Size 11\"}}, {\"added\": {\"name\": \"shoe size\", \"object\": \"NIKE DUNK LOW RETRO SE TERRA BROWN - Size 11.5\"}}, {\"added\": {\"name\": \"shoe size\", \"object\": \"NIKE DUNK LOW RETRO SE TERRA BROWN - Size 12\"}}, {\"added\": {\"name\": \"product image\", \"object\": \"Image for NIKE DUNK LOW RETRO SE TERRA BROWN (#1)\"}}, {\"added\": {\"name\": \"product image\", \"object\": \"Image for NIKE DUNK LOW RETRO SE TERRA BROWN (#2)\"}}, {\"added\": {\"name\": \"product image\", \"object\": \"Image for NIKE DUNK LOW RETRO SE TERRA BROWN (#3)\"}}, {\"added\": {\"name\": \"product image\", \"object\": \"Image for NIKE DUNK LOW RETRO SE TERRA BROWN (#4)\"}}]"
  }
},
{
  "model": "admin.logentry",
  "pk": 7,
  "fields": {
    "action_time": "2025-05-13T17:36:24.162Z",
    "user": [
      "admin"
    ],
    "content_type": [
      "store",
      "product"
    ],
    "object_id": "3",
    "object_repr": "NIKE DUNK LOW RETRO SE TERRA BROWN",
    "action_flag": 2,
    "change_message": "[{\"changed\": {\"fields\": [\"Price\"]}}]"
  }
},
{
  "model": "admin.logentry",
  "pk": 8,
  "fields": {
    "action_time": "2025-05-13T17:43:24.480Z",
    "user": [
      "admin"
    ],
    "content_type": [
      "store",
      "product"
    ],
    "object_id": "4",
    "object_repr": "NIKE DUNK LOW RETRO QS HALLOWEEN SKULL",
    "action_flag": 1,
    "change_message": "[{\"added\": {}}, {\"added\": {\"name\": \"shoe size\", \"object\": \"NIKE DUNK LOW RETRO QS HALLOWEEN SKULL - Size 7\"}}, {\"added\": {\"name\": \"shoe size\", \"object\": \"NIKE DUNK LOW RETRO QS HALLOWEEN SKULL - Size 7.5\"}}, {\"added\": {\"name\": \"shoe size\", \"object\": \"NIKE DUNK LOW RETRO QS HALLOWEEN SKULL - Size 8\"}}, {\"added\": {\"name\": \"shoe size\", \"object\": \"NIKE DUNK LOW RETRO QS HALLOWEEN SKULL - Size 8.5\"}}, {\"added\": {\"name\": \"shoe size\", \"object\": \"NIKE DUNK LOW RETRO QS HALLOWEEN SKULL - Size 9\"}}, {\"added\": {\"name\": \"shoe size\", \"object\": \"NIKE DUNK LOW RETRO QS HALLOWEEN SKULL - Size 9.5\"}}, {\"added\": {\"name\": \"shoe size\", \"object\": \"NIKE DUNK LOW RETRO QS HALLOWEEN SKULL - Size 10\"}}, {\"added\": {\"name\": \"shoe size\", \"object\": \"NIKE DUNK LOW RETRO QS HALLOWEEN SKULL - Size 10.5\"}}, {\"added\": {\"name\": \"shoe size\", \"object\": \"NIKE DUNK LOW RETRO QS HALLOWEEN SKULL - Size 11\"}}, {\"added\": {\"name\": \"shoe size\", \"object\": \"NIKE DUNK LOW RETRO QS HALLOWEEN SKULL - Size 11.5\"}}, {\"added\": {\"name\": \"shoe size\", \"object\": \"NIKE DUNK LOW RETRO QS HALLOWEEN SKULL - Size 12\"}}, {\"added\": {\"name\": \"product image\", \"object\": \"Image for NIKE DUNK LOW RETRO QS HALLOWEEN SKULL (#1)\"}}, {\"added\": {\"name\": \"product image\", \"object\": \"Image for NIKE DUNK LOW RETRO QS HALLOWEEN SKULL (#2)\"}}, {\"added\": {\"name\": \"product image\", \"object\": \"Image for NIKE DUNK LOW RETRO QS HALLOWEEN SKULL (#3)\"}}, {\"added\": {\"name\": \"product image\", \"object\": \"Image for NIKE DUNK LOW RETRO QS HALLOWEEN SKULL (#4)\"}}, {\"added\": {\"name\": \"product image\", \"object\": \"Image for NIKE DUNK LOW RETRO QS HALLOWEEN SKULL (#5)\"}}, {\"added\": {\"name\": \"product image\", \"object\": \"Image for NIKE DUNK LOW RETRO QS HALLOWEEN SKULL (#6)\"}}]"
  }
},
{
  "model": "admin.logentry",
  "pk": 9,
  "fields": {
    "action_time": "2025-05-13T17:43:41.886Z",
    "user": [
      "admin"
    ],
    "content_type": [
      "store",
      "product"
    ],
    "object_id": "4",
    "object_repr": "NIKE DUNK LOW RETRO QS HALLOWEEN SKULL",
    "action_flag": 2,
    "change_message": "[{\"changed\": {\"fields\": [\"Image\"]}}]"
  }
},
{
  "model": "admin.logentry",
  "pk": 10,
  "fields": {
    "action_time": "2025-05-13T17:51:15.068Z",
    "user": [
      "admin"
    ],
    "content_type": [
      "store",
      "product"
    ],
    "object_id": "5",
    "object_repr": "NIKE DUNK LOW RETRO SE FOSSIL ROSE",
    "action_flag": 1,
    "change_message": "[{\"added\": {}}, {\"added\": {\"name\": \"shoe size\", \"object\": \"NIKE DUNK LOW RETRO SE FOSSIL ROSE - Size 8\"}}, {\"added\": {\"name\": \"shoe size\", \"object\": \"NIKE DUNK LOW RETRO SE FOSSIL ROSE - Size 8.5\"}}, {\"added\": {\"name\": \"shoe size\", \"object\": \"NIKE DUNK LOW RETRO SE FOSSIL ROSE - Size 9\"}}, {\"added\": {\"name\": \"shoe size\", \"object\": \"NIKE DUNK LOW RETRO SE FOSSIL ROSE - Size 9.5\"}}, {\"added\": {\"name\": \"shoe size\", \"object\": \"NIKE DUNK LOW RETRO SE FOSSIL ROSE - Size 10\"}}, {\"added\": {\"name\": \"shoe size\", \"object\": \"NIKE DUNK LOW RETRO SE FOSSIL ROSE - Size 10.5\"}}, {\"added\": {\"name\": \"shoe size\", \"object\": \"NIKE DUNK LOW RETRO SE FOSSIL ROSE - Size 11\"}}, {\"added\": {\"name\": \"shoe size\", \"object\": \"NIKE DUNK LOW RETRO SE FOSSIL ROSE - Size 11.5\"}}, {\"added\": {\"name\": \"shoe size\", \"object\": \"NIKE DUNK LOW RETRO SE FOSSIL ROSE - Size 12\"}}, {\"added\": {\"name\": \"product image\", \"object\": \"Image for NIKE DUNK LOW RETRO SE FOSSIL ROSE (#1)\"}}, {\"added\": {\"name\": \"product image\", \"object\": \"Image for NIKE DUNK LOW RETRO SE FOSSIL ROSE (#1)\"}}, {\"added\": {\"name\": \"product image\", \"object\": \"Image for NIKE DUNK LOW RETRO SE FOSSIL ROSE (#1)\"}}, {\"added\": {\"name\": \"product image\", \"object\": \"Image for NIKE DUNK LOW RETRO SE FOSSIL ROSE (#1)\"}}, {\"added\": {\"name\": \"product image\", \"object\": \"Image for NIKE DUNK LOW RETRO SE FOSSIL ROSE (#1)\"}}]"
  }
},
{
  "model": "admin.logentry",
  "pk": 11,
  "fields": {
    "action_time": "2025-05-13T18:03:25.811Z",
    "user": [
      "admin"
    ],
    "content_type": [
      "store",
      "product"
    ],
    "object_id": "6",
    "object_repr": "NIKE DUNK LOW SE MEDIUM ASH / VIOLET / SNAKESKIN",
    "action_flag": 1,
    "change_message": "[{\"added\": {}}, {\"added\": {\"name\": \"shoe size\", \"object\": \"NIKE DUNK LOW SE MEDIUM ASH / VIOLET / SNAKESKIN - Size 7\"}}, {\"added\": {\"name\": \"shoe size\", \"object\": \"NIKE DUNK LOW SE MEDIUM ASH / VIOLET / SNAKESKIN - Size 7.5\"}}, {\"added\": {\"name\": \"shoe size\", \"object\": \"NIKE DUNK LOW SE MEDIUM ASH / VIOLET / SNAKESKIN - Size 8\"}}, {\"added\": {\"name\": \"shoe size\", \"object\": \"NIKE DUNK LOW SE MEDIUM ASH / VIOLET / SNAKESKIN - Size 8.5\"}}, {\"added\": {\"name\": \"shoe size\", \"object\": \"NIKE DUNK LOW SE MEDIUM ASH / VIOLET / SNAKESKIN - Size 9\"}}, {\"added\": {\"name\": \"shoe size\", \"object\": \"NIKE DUNK LOW SE MEDIUM ASH / VIOLET / SNAKESKIN - Size 9.5\"}}, {\"added\": {\"name\": \"shoe size\", \"object\": \"NIKE DUNK LOW SE MEDIUM ASH / VIOLET / SNAKESKIN - Size 10\"}}, {\"added\": {\"name\": \"shoe size\", \"object\": \"NIKE DUNK LOW SE MEDIUM ASH / VIOLET / SNAKESKIN - Size 10.5\"}}, {\"added\": {\"name\": \"shoe size\", \"object\": \"NIKE DUNK LOW SE MEDIUM ASH / VIOLET / SNAKESKIN - Size 11\"}}, {\"added\": {\"name\": \"shoe size\", \"object\": \"NIKE DUNK LOW SE MEDIUM ASH / VIOLET / SNAKESKIN - Size 11.5\"}}, {\"added\": {\"name\": \"shoe size\", \"object\": \"NIKE DUNK LOW SE MEDIUM ASH / VIOLET / SNAKESKIN - Size 12\"}}, {\"added\": {\"name\": \"product image\", \"object\": \"Image for NIKE DUNK LOW SE MEDIUM ASH / VIOLET / SNAKESKIN (#1)\"}}, {\"added\": {\"name\": \"product image\", \"object\": \"Image for NIKE DUNK LOW SE MEDIUM ASH / VIOLET / SNAKESKIN (#1)\"}}, {\"added\": {\"name\": \"product image\", \"object\": \"Image for NIKE DUNK LOW SE MEDIUM ASH / VIOLET / SNAKESKIN (#1)\"}}, {\"added\": {\"name\": \"product image\", \"object\": \"Image for NIKE DUNK LOW SE MEDIUM ASH / VIOLET / SNAKESKIN (#1)\"}}, {\"added\": {\"name\": \"product image\", \"object\": \"Image for NIKE DUNK LOW SE MEDIUM ASH / VIOLET / SNAKESKIN (#1)\"}}]"
  }
},
{
  "model": "admin.logentry",
  "pk": 12,
  "fields": {
    "action_time": "2025-05-13T18:11:16.334Z",
    "user": [
      "admin"
    ],
    "content_type": [
      "store",
      "product"
    ],
    "object_id": "7",
    "object_repr": "NIKE DUNK LOW RETRO SE SUEDE BLACK/GREY/GUM",
    "action_flag": 1,
    "change_message": "[{\"added\": {}}, {\"added\": {\"name\": \"shoe size\", \"object\": \"NIKE DUNK LOW RETRO SE SUEDE BLACK/GREY/GUM - Size 7\"}}, {\"added\": {\"name\": \"shoe size\", \"object\": \"NIKE DUNK LOW RETRO SE SUEDE BLACK/GREY/GUM - Size 7.5\"}}, {\"added\": {\"name\": \"shoe size\", \"object\": \"NIKE DUNK LOW RETRO SE SUEDE BLACK/GREY/GUM - Size 8\"}}, {\"added\": {\"name\": \"shoe size\", \"object\": \"NIKE DUNK LOW RETRO SE SUEDE BLACK/GREY/GUM - Size 8.5\"}}, {\"added\": {\"name\": \"shoe size\", \"object\": \"NIKE DUNK LOW RETRO SE SUEDE BLACK/GREY/GUM - Size 9\"}}, {\"added\": {\"name\": \"shoe size\", \"object\": \"NIKE DUNK LOW RETRO SE SUEDE BLACK/GREY/GUM - Size 9.5\"}}, {\"added\": {\"name\": \"shoe size\", \"object\": \"NIKE DUNK LOW RETRO SE SUEDE BLACK/GREY/GUM - Size 10\"}}, {\"added\": {\"name\": \"shoe size\", \"object\": \"NIKE DUNK LOW RETRO SE SUEDE BLACK/GREY/GUM - Size 10.5\"}}, {\"added\": {\"name\": \"shoe size\", \"object\": \"NIKE DUNK LOW RETRO SE SUEDE BLACK/GREY/GUM - Size 11\"}}, {\"added\": {\"name\": \"shoe size\", \"object\": \"NIKE DUNK LOW RETRO SE SUEDE BLACK/GREY/GUM - Size 11.5\"}}, {\"added\": {\"name\": \"shoe size\", \"object\": \"NIKE DUNK LOW RETRO SE SUEDE BLACK/GREY/GUM - Size 12\"}}, {\"added\": {\"name\": \"product image\", \"object\": \"Image for NIKE DUNK LOW RETRO SE SUEDE BLACK/GREY/GUM (#1)\"}}, {\"added\": {\"name\": \"product image\", \"object\": \"Image for NIKE DUNK LOW RETRO SE SUEDE BLACK/GREY/GUM (#1)\"}}, {\"added\": {\"name\": \"product image\", \"object\": \"Image for NIKE DUNK LOW RETRO SE SUEDE BLACK/GREY/GUM (#1)\"}}, {\"added\": {\"name\": \"product image\", \"object\": \"Image for NIKE DUNK LOW RETRO SE SUEDE BLACK/GREY/GUM (#1)\"}}]"
  }
},
{
  "model": "admin.logentry",
  "pk": 13,
  "fields": {
    "action_time": "2025-05-13T18:24:19.699Z",
    "user": [
      "admin"
    ],
    "content_type": [
      "store",
      "product"
    ],
    "object_id": "8",
    "object_repr": "Nike Dunk Low Retro White Black",
    "action_flag": 1,
    "change_message": "[{\"added\": {}}, {\"added\": {\"name\": \"shoe size\", \"object\": \"Nike Dunk Low Retro White Black - Size 7\"}}, {\"added\": {\"name\": \"shoe size\", \"object\": \"Nike Dunk Low Retro White Black - Size 7.5\"}}, {\"added\": {\"name\": \"shoe size\", \"object\": \"Nike Dunk Low Retro White Black - Size 8\"}}, {\"added\": {\"name\": \"shoe size\", \"object\": \"Nike Dunk Low Retro White Black - Size 8.5\"}}, {\"added\": {\"name\": \"shoe size\", \"object\": \"Nike Dunk Low Retro White Black - Size 9\"}}, {\"added\": {\"name\": \"shoe size\", \"object\": \"Nike Dunk Low Retro White Black - Size 9.5\"}}, {\"added\": {\"name\": \"shoe size\", \"object\": \"Nike Dunk Low Retro White Black - Size 10\"}}, {\"added\": {\"name\": \"shoe size\", \"object\": \"Nike Dunk Low Retro White Black - Size 10.5\"}}, {\"added\": {\"name\": \"shoe size\", \"object\": \"Nike Dunk Low Retro White Black - Size 11\"}}, {\"added\": {\"name\": \"shoe size\", \"object\": \"Nike Dunk Low Retro White Black - Size 11.5\"}}, {\"added\": {\"name\": \"shoe size\", \"object\": \"Nike Dunk Low Retro White Black - Size 12\"}}, {\"added\": {\"name\": \"product image\", \"object\": \"Image for Nike Dunk Low Retro White Black (#1)\"}}, {\"added\": {\"name\": \"product image\", \"object\": \"Image for Nike Dunk Low Retro White Black (#1)\"}}, {\"added\": {\"name\": \"product image\", \"object\": \"Image for Nike Dunk Low Retro White Black (#1)\"}}, {\"added\": {\"name\": \"product image\", \"object\": \"Image for Nike Dunk Low Retro White Black (#1)\"}}, {\"added\": {\"name\": \"product image\", \"object\": \"Image for Nike Dunk Low Retro White Black (#1)\"}}, {\"added\": {\"name\": \"product image\", \"object\": \"Image for Nike Dunk Low Retro White Black (#1)\"}}]"
  }
},
{
  "model": "admin.logentry",
  "pk": 14,
  "fields": {
    "action_time": "2025-05-13T18:30:42.275Z",
    "user": [
      "admin"
    ],
    "content_type": [
      "store",
      "product"
    ],
    "object_id": "9",
    "object_repr": "Nike Dunk Low Purple Pulse",
    "action_flag": 1,
    "change_message": "[{\"added\": {}}, {\"added\": {\"name\": \"shoe size\", \"object\": \"Nike Dunk Low Purple Pulse - Size 7\"}}, {\"added\": {\"name\": \"shoe size\", \"object\": \"Nike Dunk Low Purple Pulse - Size 7.5\"}}, {\"added\": {\"name\": \"shoe size\", \"object\": \"Nike Dunk Low Purple Pulse - Size 8\"}}, {\"added\": {\"name\": \"shoe size\", \"object\": \"Nike Dunk Low Purple Pulse - Size 8.5\"}}, {\"added\": {\"name\": \"shoe size\", \"object\": \"Nike Dunk Low Purple Pulse - Size 9\"}}, {\"added\": {\"name\": \"shoe size\", \"object\": \"Nike Dunk Low Purple Pulse - Size 9.5\"}}, {\"added\": {\"name\": \"shoe size\", \"object\": \"Nike Dunk Low Purple Pulse - Size 10\"}}, {\"added\": {\"name\": \"shoe size\", \"object\": \"Nike Dunk Low Purple Pulse - Size 10.5\"}}, {\"added\": {\"name\": \"shoe size\", \"object\": \"Nike Dunk Low Purple Pulse - Size 11\"}}, {\"added\": {\"name\": \"shoe size\", \"object\": \"Nike Dunk Low Purple Pulse - Size 11.5\"}}, {\"added\": {\"name\": \"shoe size\", \"object\": \"Nike Dunk Low Purple Pulse - Size 12\"}}, {\"added\": {\"name\": \"product image\", \"object\": \"Image for Nike Dunk Low Purple Pulse (#1)\"}}, {\"added\": {\"name\": \"product image\", \"object\": \"Image for Nike Dunk Low Purple Pulse (#1)\"}}, {\"added\": {\"name\": \"product image\", \"object\": \"Image for Nike Dunk Low Purple Pulse (#1)\"}}, {\"added\": {\"name\": \"product image\", \"object\": \"Image for Nike Dunk Low Purple Pulse (#1)\"}}, {\"added\": {\"name\": \"product image\", \"object\": \"Image for Nike Dunk Low Purple Pulse (#1)\"}}, {\"added\": {\"name\": \"product image\", \"object\": \"Image for Nike Dunk Low Purple Pulse (#1)\"}}]"
  }
},
{
  "model": "admin.logentry",
  "pk": 15,
  "fields": {
    "action_time": "2025-05-13T18:35:50.209Z",
    "user": [
      "admin"
    ],
    "content_type": [
      "store",
      "product"
    ],
    "object_id": "10",
    "object_repr": "Nike Dunk Low Teddy Bear Light Soft Pink",
    "action_flag": 1,
    "change_message": "[{\"added\": {}}, {\"added\": {\"name\": \"shoe size\", \"object\": \"Nike Dunk Low Teddy Bear Light Soft Pink - Size 7\"}}, {\"added\": {\"name\": \"shoe size\", \"object\": \"Nike Dunk Low Teddy Bear Light Soft Pink - Size 7.5\"}}, {\"added\": {\"name\": \"shoe size\", \"object\": \"Nike Dunk Low Teddy Bear Light Soft Pink - Size 8\"}}, {\"added\": {\"name\": \"shoe size\", \"object\": \"Nike Dunk Low Teddy Bear Light Soft Pink - Size 8.5\"}}, {\"added\": {\"name\": \"shoe size\", \"object\": \"Nike Dunk Low Teddy Bear Light Soft Pink - Size 9\"}}, {\"added\": {\"name\": \"shoe size\", \"object\": \"Nike Dunk Low Teddy Bear Light Soft Pink - Size 9.5\"}}, {\"added\": {\"name\": \"shoe size\", \"object\": \"Nike Dunk Low Teddy Bear Light Soft Pink - Size 10\"}}, {\"added\": {\"name\": \"shoe size\", \"object\": \"Nike Dunk Low Teddy Bear Light Soft Pink - Size 10.5\"}}, {\"added\": {\"name\": \"shoe size\", \"object\": \"Nike Dunk Low Teddy Bear Light Soft Pink - Size 11\"}}, {\"added\": {\"name\": \"shoe size\", \"object\": \"Nike Dunk Low Teddy Bear Light Soft Pink - Size 11.5\"}}, {\"added\": {\"name\": \"shoe size\", \"object\": \"Nike Dunk Low Teddy Bear Light Soft Pink - Size 12\"}}, {\"added\": {\"name\": \"product image\", \"object\": \"Image for Nike Dunk Low Teddy Bear Light Soft Pink (#1)\"}}, {\"added\": {\"name\": \"product image\", \"object\": \"Image for Nike Dunk Low Teddy Bear Light Soft Pink (#1)\"}}, {\"added\": {\"name\": \"product image\", \"object\": \"Image for Nike Dunk Low Teddy Bear Light Soft Pink (#1)\"}}, {\"added\": {\"name\": \"product image\", \"object\": \"Image for Nike Dunk Low Teddy Bear Light Soft Pink (#1)\"}}, {\"added\": {\"name\": \"product image\", \"object\": \"Image for Nike Dunk Low Teddy Bear Light Soft Pink (#1)\"}}, {\"added\": {\"name\": \"product image\", \"object\": \"Image for Nike Dunk Low Teddy Bear Light Soft Pink (#1)\"}}]"
  }
},
{
  "model": "admin.logentry",
  "pk": 16,
  "fields": {
    "action_time": "2025-05-13T18:39:42.489Z",
    "user": [
      "admin"
    ],
    "content_type": [
      "store",
      "product"
    ],
    "object_id": "11",
    "object_repr": "Nike SB x Louis Vuitton x Glommy Bear White Black",
    "action_flag": 1,
    "change_message": "[{\"added\": {}}, {\"added\": {\"name\": \"shoe size\", \"object\": \"Nike SB x Louis Vuitton x Glommy Bear White Black - Size 7\"}}, {\"added\": {\"name\": \"shoe size\", \"object\": \"Nike SB x Louis Vuitton x Glommy Bear White Black - Size 7.5\"}}, {\"added\": {\"name\": \"shoe size\", \"object\": \"Nike SB x Louis Vuitton x Glommy Bear White Black - Size 8\"}}, {\"added\": {\"name\": \"shoe size\", \"object\": \"Nike SB x Louis Vuitton x Glommy Bear White Black - Size 8.5\"}}, {\"added\": {\"name\": \"shoe size\", \"object\": \"Nike SB x Louis Vuitton x Glommy Bear White Black - Size 9\"}}, {\"added\": {\"name\": \"shoe size\", \"object\": \"Nike SB x Louis Vuitton x Glommy Bear White Black - Size 9.5\"}}, {\"added\": {\"name\": \"shoe size\", \"object\": \"Nike SB x Louis Vuitton x Glommy Bear White Black - Size 10\"}}, {\"added\": {\"name\": \"shoe size\", \"object\": \"Nike SB x Louis Vuitton x Glommy Bear White Black - Size 10.5\"}}, {\"added\": {\"name\": \"shoe size\", \"object\": \"Nike SB x Louis Vuitton x Glommy Bear White Black - Size 11\"}}, {\"added\": {\"name\": \"shoe size\", \"object\": \"Nike SB x Louis Vuitton x Glommy Bear White Black - Size 11.5\"}}, {\"added\": {\"name\": \"shoe size\", \"object\": \"Nike SB x Louis Vuitton x Glommy Bear White Black - Size 12\"}}, {\"added\": {\"name\": \"product image\", \"object\": \"Image for Nike SB x Louis Vuitton x Glommy Bear White Black (#1)\"}}, {\"added\": {\"name\": \"product image\", \"object\": \"Image for Nike SB x Louis Vuitton x Glommy Bear White Black (#1)\"}}, {\"added\": {\"name\": \"product image\", \"object\": \"Image for Nike SB x Louis Vuitton x Glommy Bear White Black (#1)\"}}, {\"added\": {\"name\": \"product image\", \"object\": \"Image for Nike SB x Louis Vuitton x Glommy Bear White Black (#1)\"}}, {\"added\": {\"name\": \"product image\", \"object\": \"Image for Nike SB x Louis Vuitton x Glommy Bear White Black (#1)\"}}, {\"added\": {\"name\": \"product image\", \"object\": \"Image for Nike SB x Louis Vuitton x Glommy Bear White Black (#1)\"}}]"
  }
},
{
  "model": "admin.logentry",
  "pk": 17,
  "fields": {
    "action_time": "2025-05-13T18:43:58.628Z",
    "user": [
      "admin"
    ],
    "content_type": [
      "store",
      "product"
    ],
    "object_id": "12",
    "object_repr": "Nike Dunk Low Pink Paisley",
    "action_flag": 1,
    "change_message": "[{\"added\": {}}, {\"added\": {\"name\": \"shoe size\", \"object\": \"Nike Dunk Low Pink Paisley - Size 7\"}}, {\"added\": {\"name\": \"shoe size\", \"object\": \"Nike Dunk Low Pink Paisley - Size 7.5\"}}, {\"added\": {\"name\": \"shoe size\", \"object\": \"Nike Dunk Low Pink Paisley - Size 8\"}}, {\"added\": {\"name\": \"shoe size\", \"object\": \"Nike Dunk Low Pink Paisley - Size 8.5\"}}, {\"added\": {\"name\": \"shoe size\", \"object\": \"Nike Dunk Low Pink Paisley - Size 9\"}}, {\"added\": {\"name\": \"shoe size\", \"object\": \"Nike Dunk Low Pink Paisley - Size 9.5\"}}, {\"added\": {\"name\": \"shoe size\", \"object\": \"Nike Dunk Low Pink Paisley - Size 10\"}}, {\"added\": {\"name\": \"shoe size\", \"object\": \"Nike Dunk Low Pink Paisley - Size 10.5\"}}, {\"added\": {\"name\": \"shoe size\", \"object\": \"Nike Dunk Low Pink Paisley - Size 11\"}}, {\"added\": {\"name\": \"shoe size\", \"object\": \"Nike Dunk Low Pink Paisley - Size 11.5\"}}, {\"added\": {\"name\": \"shoe size\", \"object\": \"Nike Dunk Low Pink Paisley - Size 12\"}}, {\"added\": {\"name\": \"product image\", \"object\": \"Image for Nike Dunk Low Pink Paisley (#1)\"}}, {\"added\": {\"name\": \"product image\", \"object\": \"Image for Nike Dunk Low Pink Paisley (#1)\"}}, {\"added\": {\"name\": \"product image\", \"object\": \"Image for Nike Dunk Low Pink Paisley (#1)\"}}, {\"added\": {\"name\": \"product image\", \"object\": \"Image for Nike Dunk Low Pink Paisley (#1)\"}}, {\"added\": {\"name\": \"product image\", \"object\": \"Image for Nike Dunk Low Pink Paisley (#1)\"}}, {\"added\": {\"name\": \"product image\", \"object\": \"Image for Nike Dunk Low Pink Paisley (#1)\"}}]"
  }
},
{
  "model": "admin.logentry",
  "pk": 18,
  "fields": {
    "action_time": "2025-05-13T18:50:26.752Z",
    "user": [
      "admin"
    ],
    "content_type": [
      "store",
      "product"
    ],
    "object_id": "13",
    "object_repr": "Nike SB Dunk Low Blossom x The Powerpuff Girls",
    "action_flag": 1,
    "change_message": "[{\"added\": {}}, {\"added\": {\"name\": \"shoe size\", \"object\": \"Nike SB Dunk Low Blossom x The Powerpuff Girls - Size 7\"}}, {\"added\": {\"name\": \"shoe size\", \"object\": \"Nike SB Dunk Low Blossom x The Powerpuff Girls - Size 7.5\"}}, {\"added\": {\"name\": \"shoe size\", \"object\": \"Nike SB Dunk Low Blossom x The Powerpuff Girls - Size 8\"}}, {\"added\": {\"name\": \"shoe size\", \"object\": \"Nike SB Dunk Low Blossom x The Powerpuff Girls - Size 8.5\"}}, {\"added\": {\"name\": \"shoe size\", \"object\": \"Nike SB Dunk Low Blossom x The Powerpuff Girls - Size 9\"}}, {\"added\": {\"name\": \"shoe size\", \"object\": \"Nike SB Dunk Low Blossom x The Powerpuff Girls - Size 9.5\"}}, {\"added\": {\"name\": \"shoe size\", \"object\": \"Nike SB Dunk Low Blossom x The Powerpuff Girls - Size 10\"}}, {\"added\": {\"name\": \"shoe size\", \"object\": \"Nike SB Dunk Low Blossom x The Powerpuff Girls - Size 10.5\"}}, {\"added\": {\"name\": \"shoe size\", \"object\": \"Nike SB Dunk Low Blossom x The Powerpuff Girls - Size 11\"}}, {\"added\": {\"name\": \"shoe size\", \"object\": \"Nike SB Dunk Low Blossom x The Powerpuff Girls - Size 11.5\"}}, {\"added\": {\"name\": \"shoe size\", \"object\": \"Nike SB Dunk Low Blossom x The Powerpuff Girls - Size 12\"}}, {\"added\": {\"name\": \"product image\", \"object\": \"Image for Nike SB Dunk Low Blossom x The Powerpuff Girls (#1)\"}}, {\"added\": {\"name\": \"product image\", \"object\": \"Image for Nike SB Dunk Low Blossom x The Powerpuff Girls (#1)\"}}, {\"added\": {\"name\": \"product image\", \"object\": \"Image for Nike SB Dunk Low Blossom x The Powerpuff Girls (#1)\"}}, {\"added\": {\"name\": \"product image\", \"object\": \"Image for Nike SB Dunk Low Blossom x The Powerpuff Girls (#1)\"}}, {\"added\": {\"name\": \"product image\", \"object\": \"Image for Nike SB Dunk Low Blossom x The Powerpuff Girls (#1)\"}}, {\"added\": {\"name\": \"product image\", \"object\": \"Image for Nike SB Dunk Low Blossom x The Powerpuff Girls (#1)\"}}]"
  }
},
{
  "model": "admin.logentry",
  "pk": 19,
  "fields": {
    "action_time": "2025-05-13T18:51:50.024Z",
    "user": [
      "admin"
    ],
    "content_type": [
      "store",
      "shoecategory"
    ],
    "object_id": "2",
    "object_repr": "Kids",
    "action_flag": 1,
    "change_message": "[{\"added\": {}}]"
  }
},
{
  "model": "admin.logentry",
  "pk": 20,
  "fields": {
    "action_time": "2025-05-13T18:54:57.366Z",
    "user": [
      "admin"
    ],
    "content_type": [
      "store",
      "product"
    ],
    "object_id": "14",
    "object_repr": "ordan 1 Retro High PG Triple White",
    "action_flag": 1,
    "change_message": "[{\"added\": {}}, {\"added\": {\"name\": \"shoe size\", \"object\": \"ordan 1 Retro High PG Triple White - Size 7\"}}, {\"added\": {\"name\": \"shoe size\", \"object\": \"ordan 1 Retro High PG Triple White - Size 7.5\"}}, {\"added\": {\"name\": \"product image\", \"object\": \"Image for ordan 1 Retro High PG Triple White (#1)\"}}, {\"added\": {\"name\": \"product image\", \"object\": \"Image for ordan 1 Retro High PG Triple White (#1)\"}}, {\"added\": {\"name\": \"product image\", \"object\": \"Image for ordan 1 Retro High PG Triple White (#1)\"}}, {\"added\": {\"name\": \"product image\", \"object\": \"Image for ordan 1 Retro High PG Triple White (#1)\"}}, {\"added\": {\"name\": \"product image\", \"object\": \"Image for ordan 1 Retro High PG Triple White (#1)\"}}, {\"added\": {\"name\": \"product image\", \"object\": \"Image for ordan 1 Retro High PG Triple White (#1)\"}}]"
  }
},
{
  "model": "admin.logentry",
  "pk": 21,
  "fields": {
    "action_time": "2025-05-13T18:58:17.636Z",
    "user": [
      "admin"
    ],
    "content_type": [
      "store",
      "product"
    ],
    "object_id": "15",
    "object_repr": "Jordan 1 Retro High PG Black Toe",
    "action_flag": 1,
    "change_message": "[{\"added\": {}}, {\"added\": {\"name\": \"shoe size\", \"object\": \"Jordan 1 Retro High PG Black Toe - Size 7\"}}, {\"added\": {\"name\": \"shoe size\", \"object\": \"Jordan 1 Retro High PG Black Toe - Size 7.5\"}}, {\"added\": {\"name\": \"product image\", \"object\": \"Image for Jordan 1 Retro High PG Black Toe (#1)\"}}, {\"added\": {\"name\": \"product image\", \"object\": \"Image for Jordan 1 Retro High PG Black Toe (#1)\"}}, {\"added\": {\"name\": \"product image\", \"object\": \"Image for Jordan 1 Retro High PG Black Toe (#1)\"}}, {\"added\": {\"name\": \"product image\", \"object\": \"Image for Jordan 1 Retro High PG Black Toe (#1)\"}}, {\"added\": {\"name\": \"product image\", \"object\": \"Image for Jordan 1 Retro High PG Black Toe (#1)\"}}, {\"added\": {\"name\": \"product image\", \"object\": \"Image for Jordan 1 Retro High PG Black Toe (#1)\"}}]"
  }
},
{
  "model": "admin.logentry",
  "pk": 22,
  "fields": {
    "action_time": "2025-05-13T19:01:06.601Z",
    "user": [
      "admin"
    ],
    "content_type": [
      "store",
      "product"
    ],
    "object_id": "16",
    "object_repr": "Jordan 1 Retro High PG Travis Scott",
    "action_flag": 1,
    "change_message": "[{\"added\": {}}, {\"added\": {\"name\": \"shoe size\", \"object\": \"Jordan 1 Retro High PG Travis Scott - Size 7\"}}, {\"added\": {\"name\": \"shoe size\", \"object\": \"Jordan 1 Retro High PG Travis Scott - Size 7.5\"}}, {\"added\": {\"name\": \"product image\", \"object\": \"Image for Jordan 1 Retro High PG Travis Scott (#1)\"}}, {\"added\": {\"name\": \"product image\", \"object\": \"Image for Jordan 1 Retro High PG Travis Scott (#1)\"}}, {\"added\": {\"name\": \"product image\", \"object\": \"Image for Jordan 1 Retro High PG Travis Scott (#1)\"}}, {\"added\": {\"name\": \"product image\", \"object\": \"Image for Jordan 1 Retro High PG Travis Scott (#1)\"}}, {\"added\": {\"name\": \"product image\", \"object\": \"Image for Jordan 1 Retro High PG Travis Scott (#1)\"}}, {\"added\": {\"name\": \"product image\", \"object\": \"Image for Jordan 1 Retro High PG Travis Scott (#1)\"}}]"
  }
},
{
  "model": "admin.logentry",
  "pk": 23,
  "fields": {
    "action_time": "2025-05-26T12:31:14.501Z",
    "user": [
      "admin"
    ],
    "content_type": [
      "store",
      "order"
    ],
    "object_id": "c3e7d735-0ec5-4298-86e1-3b1117c00278",
    "object_repr": "Order c3e7d735-0ec5-4298-86e1-3b1117c00278",
    "action_flag": 2,
    "change_message": "[{\"changed\": {\"fields\": [\"Status\"]}}]"
  }
},
{
  "model": "admin.logentry",
  "pk": 24,
  "fields": {
    "action_time": "2025-05-26T12:31:14.502Z",
    "user": [
      "admin"
    ],
    "content_type": [
      "store",
      "order"
    ],
    "object_id": "32bf676d-d749-489d-8403-6642e018dc95",
    "object_repr": "Order 32bf676d-d749-489d-8403-6642e018dc95",
    "action_flag": 2,
    "change_message": "[{\"changed\": {\"fields\": [\"Status\"]}}]"
  }
},
{
  "model": "admin.logentry",
  "pk": 25,
  "fields": {
    "action_time": "2025-05-26T13:56:26.082Z",
    "user": [
      "admin"
    ],
    "content_type": [
      "store",
      "product"
    ],
    "object_id": "17",
    "object_repr": "TEST TEST",
    "action_flag": 1,
    "change_message": "[{\"added\": {}}, {\"added\": {\"name\": \"shoe size\", \"object\": \"TEST TEST - Size 10\"}}]"
  }
},
{
  "model": "admin.logentry",
  "pk": 26,
  "fields": {
    "action_time": "2025-05-27T16:50:51.462Z",
    "user": [
      "admin"
    ],
    "content_type": [
      "store",
      "order"
    ],
    "object_id": "0926668a-0f57-4164-a6ff-82bac79c75b7",
    "object_repr": "Order 0926668a-0f57-4164-a6ff-82bac79c75b7",
    "action_flag": 2,
    "change_message": "[{\"changed\": {\"fields\": [\"Status\"]}}]"
  }
},
{
  "model": "admin.logentry",
  "pk": 27,
  "fields": {
    "action_time": "2025-05-27T18:32:56.897Z",
    "user": [
      "admin"
    ],
    "content_type": [
      "store",
      "order"
    ],
    "object_id": "bd101062-673b-49fb-969c-5f27b6fd43d3",
    "object_repr": "Order bd101062-673b-49fb-969c-5f27b6fd43d3",
    "action_flag": 2,
    "change_message": "[{\"changed\": {\"fields\": [\"Status\"]}}]"
  }
}
]
